,date,interest,change
0,2022-05-10,1.978,0.00
1,2022-05-09,1.978,3.24
2,2022-05-06,1.916,-0.08
3,2022-05-05,1.918,-3.55
4,2022-05-04,1.988,5.41
5,2022-05-03,1.886,0.00
6,2022-05-02,1.886,-5.04
7,2022-04-29,1.986,-0.25
8,2022-04-28,1.991,-0.10
9,2022-04-27,1.993,-0.10
10,2022-04-26,1.995,0.05
11,2022-04-25,1.994,-0.60
12,2022-04-22,2.006,2.14
13,2022-04-21,1.964,-0.66
14,2022-04-20,1.977,-1.45
15,2022-04-19,2.006,-5.06
16,2022-04-18,2.113,1.49
17,2022-04-15,2.082,-1.37
18,2022-04-14,2.111,0.38
19,2022-04-13,2.103,-2.41
20,2022-04-12,2.155,11.92
21,2022-04-11,1.926,-4.96
22,2022-04-08,2.026,0.65
23,2022-04-07,2.013,4.57
24,2022-04-06,1.925,9.75
25,2022-04-05,1.754,0.75
26,2022-04-04,1.741,0.58
27,2022-04-01,1.731,0.41
28,2022-03-31,1.724,5.12
29,2022-03-30,1.640,-5.75
30,2022-03-29,1.740,1.16
31,2022-03-28,1.720,-2.82
32,2022-03-25,1.770,0.57
33,2022-03-24,1.760,-0.85
34,2022-03-23,1.775,-0.28
35,2022-03-22,1.780,3.85
36,2022-03-21,1.714,6.00
37,2022-03-18,1.617,1.00
38,2022-03-17,1.601,0.00
39,2022-03-16,1.601,0.00
40,2022-03-15,1.601,7.09
41,2022-03-14,1.495,0.67
42,2022-03-11,1.485,0.68
43,2022-03-10,1.475,-1.01
44,2022-03-09,1.490,0.74
45,2022-03-08,1.479,-0.07
46,2022-03-07,1.480,-0.34
47,2022-03-04,1.485,-4.62
48,2022-03-03,1.557,8.81
49,2022-03-02,1.431,-2.52
50,2022-03-01,1.468,6.15
51,2022-02-28,1.383,8.98
52,2022-02-25,1.269,17.17
53,2022-02-24,1.083,4.64
54,2022-02-23,1.035,1.87
55,2022-02-22,1.016,0.10
56,2022-02-21,1.015,1.50
57,2022-02-18,1.000,8.11
58,2022-02-17,0.925,11.18
59,2022-02-16,0.832,9.47
60,2022-02-15,0.760,3.12
61,2022-02-14,0.737,2.22
62,2022-02-11,0.721,2.12
63,2022-02-10,0.706,0.43
64,2022-02-09,0.703,8.99
65,2022-02-08,0.645,1.74
66,2022-02-07,0.634,20.08
67,2022-02-04,0.528,0.00
68,2022-02-03,0.528,0.00
69,2022-02-02,0.528,0.00
70,2022-02-01,0.528,0.00
71,2022-01-31,0.528,-15.92
72,2022-01-28,0.628,0.00
73,2022-01-27,0.628,-0.16
74,2022-01-26,0.629,-2.63
75,2022-01-25,0.646,1.10
76,2022-01-24,0.639,-3.62
77,2022-01-21,0.663,1.22
78,2022-01-20,0.655,-2.38
79,2022-01-19,0.671,-4.69
80,2022-01-18,0.704,-0.14
81,2022-01-17,0.705,1.15
82,2022-01-14,0.697,-1.27
83,2022-01-13,0.706,1.15
84,2022-01-12,0.698,-0.14
85,2022-01-11,0.699,-2.92
86,2022-01-10,0.720,0.00
87,2022-01-07,0.720,0.00
88,2022-01-06,0.720,-0.14
89,2022-01-05,0.721,0.28
90,2022-01-04,0.719,16.82
91,2022-01-03,0.615,-13.92
92,2021-12-31,0.715,0.14
93,2021-12-30,0.714,-0.14
94,2021-12-29,0.715,0.00
95,2021-12-28,0.715,-1.38
96,2021-12-27,0.725,-1.09
97,2021-12-24,0.733,6.23
98,2021-12-23,0.690,1.77
99,2021-12-22,0.678,3.35
100,2021-12-21,0.656,-2.09
101,2021-12-20,0.670,-7.97
102,2021-12-17,0.728,19.34
103,2021-12-16,0.610,0.00
104,2021-12-15,0.610,-2.09
105,2021-12-14,0.623,-1.58
106,2021-12-13,0.633,-4.81
107,2021-12-10,0.665,0.00
108,2021-12-09,0.665,9.20
109,2021-12-08,0.609,5.00
110,2021-12-07,0.580,-1.69
111,2021-12-06,0.590,-7.52
112,2021-12-03,0.638,10.00
113,2021-12-02,0.580,-0.17
114,2021-12-01,0.581,0.17
115,2021-11-30,0.580,0.00
116,2021-11-29,0.580,-0.17
117,2021-11-26,0.581,0.00
118,2021-11-25,0.581,0.00
119,2021-11-24,0.581,-0.17
120,2021-11-23,0.582,0.00
121,2021-11-22,0.582,0.00
122,2021-11-19,0.582,0.00
123,2021-11-18,0.582,-0.17
124,2021-11-17,0.583,0.00
125,2021-11-16,0.583,-0.17
126,2021-11-15,0.584,0.17
127,2021-11-12,0.583,0.00
128,2021-11-11,0.583,0.00
129,2021-11-10,0.583,-0.51
130,2021-11-09,0.586,-0.17
131,2021-11-08,0.587,0.86
132,2021-11-05,0.582,-0.17
133,2021-11-04,0.583,-0.17
134,2021-11-03,0.584,0.17
135,2021-11-02,0.583,-0.17
136,2021-11-01,0.584,-0.17
137,2021-10-29,0.585,0.00
138,2021-10-28,0.585,-0.17
139,2021-10-27,0.586,0.17
140,2021-10-26,0.585,-3.47
141,2021-10-25,0.606,-0.33
142,2021-10-22,0.608,0.16
143,2021-10-21,0.607,-0.16
144,2021-10-20,0.608,-0.16
145,2021-10-19,0.609,0.16
146,2021-10-18,0.608,-0.16
147,2021-10-15,0.609,-1.62
148,2021-10-14,0.619,-0.16
149,2021-10-13,0.620,0.16
150,2021-10-12,0.619,-0.16
151,2021-10-11,0.620,-0.32
152,2021-10-08,0.622,1.63
153,2021-10-07,0.612,0.00
154,2021-10-06,0.612,0.00
155,2021-10-05,0.612,-0.16
156,2021-10-04,0.613,19.26
157,2021-10-03,0.514,-16.29
158,2021-10-01,0.614,-0.16
159,2021-09-30,0.615,0.00
160,2021-09-29,0.615,11.41
161,2021-09-28,0.552,5.34
162,2021-09-27,0.524,0.77
163,2021-09-24,0.520,3.79
164,2021-09-23,0.501,0.00
165,2021-09-22,0.501,10.35
166,2021-09-21,0.454,-2.16
167,2021-09-20,0.464,-0.43
168,2021-09-17,0.466,0.00
169,2021-09-16,0.466,0.43
170,2021-09-15,0.464,-0.85
171,2021-09-14,0.468,0.00
172,2021-09-13,0.468,0.00
173,2021-09-10,0.468,-0.43
174,2021-09-09,0.470,0.00
175,2021-09-08,0.470,-0.42
176,2021-09-07,0.472,0.00
177,2021-09-06,0.472,26.54
178,2021-09-03,0.373,0.00
179,2021-09-02,0.373,-21.14
180,2021-09-01,0.473,18.25
181,2021-08-31,0.400,-2.44
182,2021-08-30,0.410,-0.24
183,2021-08-27,0.411,0.24
184,2021-08-26,0.410,0.00
185,2021-08-25,0.410,0.00
186,2021-08-24,0.410,0.00
187,2021-08-23,0.410,0.00
188,2021-08-20,0.410,-2.61
189,2021-08-19,0.421,0.24
190,2021-08-18,0.420,-0.24
191,2021-08-17,0.421,0.24
192,2021-08-16,0.420,0.00
193,2021-08-13,0.420,0.00
194,2021-08-12,0.420,0.00
195,2021-08-11,0.420,0.00
196,2021-08-10,0.420,0.00
197,2021-08-09,0.420,-0.94
198,2021-08-06,0.424,-0.24
199,2021-08-05,0.425,2.66
200,2021-08-04,0.414,5.34
201,2021-08-03,0.393,-13.05
202,2021-08-02,0.452,-0.22
203,2021-07-30,0.453,0.00
204,2021-07-29,0.453,-0.22
205,2021-07-28,0.454,0.00
206,2021-07-27,0.454,-0.44
207,2021-07-26,0.456,-0.22
208,2021-07-23,0.457,0.66
209,2021-07-22,0.454,0.00
210,2021-07-21,0.454,0.00
211,2021-07-20,0.454,-2.16
212,2021-07-19,0.464,0.00
213,2021-07-16,0.464,0.00
214,2021-07-15,0.464,0.00
215,2021-07-14,0.464,0.22
216,2021-07-13,0.463,-0.22
217,2021-07-12,0.464,0.00
218,2021-07-09,0.464,0.00
219,2021-07-08,0.464,0.00
220,2021-07-07,0.464,-3.33
221,2021-07-06,0.480,-7.69
222,2021-07-05,0.520,0.00
223,2021-07-02,0.520,0.00
224,2021-07-01,0.520,6.12
225,2021-06-30,0.490,-2.00
226,2021-06-29,0.500,0.40
227,2021-06-28,0.498,2.26
228,2021-06-25,0.487,-0.41
229,2021-06-24,0.489,1.24
230,2021-06-23,0.483,-0.21
231,2021-06-22,0.484,-2.22
232,2021-06-21,0.495,-0.80
233,2021-06-18,0.499,-2.54
234,2021-06-17,0.512,0.39
235,2021-06-16,0.510,-0.20
236,2021-06-15,0.511,0.20
237,2021-06-14,0.510,-0.39
238,2021-06-11,0.512,-0.19
239,2021-06-10,0.513,0.20
240,2021-06-09,0.512,-0.19
241,2021-06-08,0.513,-0.19
242,2021-06-07,0.514,-0.39
243,2021-06-04,0.516,-0.19
244,2021-06-03,0.517,7.04
245,2021-06-02,0.483,-8.70
246,2021-06-01,0.529,-17.60
247,2021-05-31,0.642,6.82
248,2021-05-28,0.601,-5.06
249,2021-05-27,0.633,52.53
250,2021-05-26,0.415,-1.66
251,2021-05-25,0.422,0.00
252,2021-05-24,0.422,-0.24
253,2021-05-21,0.423,-0.47
254,2021-05-20,0.425,0.00
255,2021-05-19,0.425,2.66
256,2021-05-18,0.414,10.70
257,2021-05-17,0.374,-8.56
258,2021-05-14,0.409,0.00
259,2021-05-13,0.409,5.96
260,2021-05-12,0.386,-0.52
261,2021-05-11,0.388,0.00
262,2021-05-10,0.388,-0.51
263,2021-05-07,0.390,1.30
264,2021-05-06,0.385,0.00
265,2021-05-05,0.385,-1.79
266,2021-05-04,0.392,41.77
267,2021-05-03,0.276,-1.07
268,2021-04-30,0.280,-26.45
269,2021-04-29,0.380,-1.30
270,2021-04-28,0.385,-2.28
271,2021-04-27,0.394,4.51
272,2021-04-26,0.377,-2.84
273,2021-04-23,0.388,0.00
274,2021-04-22,0.388,34.26
275,2021-04-21,0.289,-25.71
276,2021-04-20,0.389,0.00
277,2021-04-19,0.389,-0.26
278,2021-04-16,0.390,0.00
279,2021-04-15,0.390,-4.65
280,2021-04-14,0.409,-0.24
281,2021-04-13,0.410,2.24
282,2021-04-12,0.401,2.04
283,2021-04-09,0.393,-0.51
284,2021-04-08,0.395,0.25
285,2021-04-07,0.394,-0.51
286,2021-04-06,0.396,-2.22
287,2021-04-05,0.405,1.76
288,2021-04-02,0.398,0.00
289,2021-04-01,0.398,14.04
290,2021-03-31,0.349,0.00
291,2021-03-30,0.349,0.00
292,2021-03-29,0.349,-0.57
293,2021-03-26,0.351,0.86
294,2021-03-25,0.348,0.00
295,2021-03-24,0.348,-3.06
296,2021-03-23,0.359,0.84
297,2021-03-22,0.356,-1.93
298,2021-03-19,0.363,-1.89
299,2021-03-18,0.370,1.09
300,2021-03-17,0.366,-2.40
301,2021-03-16,0.375,-0.27
302,2021-03-15,0.376,4.74
303,2021-03-12,0.359,0.84
304,2021-03-11,0.356,0.56
305,2021-03-10,0.354,-0.84
306,2021-03-09,0.357,0.85
307,2021-03-08,0.354,-3.01
308,2021-03-05,0.365,0.27
309,2021-03-04,0.364,-0.27
310,2021-03-03,0.365,-2.41
311,2021-03-02,0.374,0.27
312,2021-03-01,0.373,-0.80
313,2021-02-26,0.376,8.36
314,2021-02-25,0.347,0.00
315,2021-02-24,0.347,3.58
316,2021-02-23,0.335,-5.10
317,2021-02-22,0.353,-1.67
318,2021-02-19,0.359,2.28
319,2021-02-18,0.351,-1.13
320,2021-02-17,0.355,37.07
321,2021-02-16,0.259,0.00
322,2021-02-15,0.259,0.00
323,2021-02-12,0.259,0.00
324,2021-02-11,0.259,0.00
325,2021-02-10,0.259,-27.86
326,2021-02-09,0.359,-0.28
327,2021-02-08,0.360,1.12
328,2021-02-05,0.356,-1.39
329,2021-02-04,0.361,-0.28
330,2021-02-03,0.362,1.40
331,2021-02-02,0.357,2.29
332,2021-02-01,0.349,8.05
333,2021-01-29,0.323,-1.82
334,2021-01-28,0.329,2.17
335,2021-01-27,0.322,-2.13
336,2021-01-26,0.329,-1.79
337,2021-01-25,0.335,-4.01
338,2021-01-22,0.349,-0.29
339,2021-01-21,0.350,3.86
340,2021-01-20,0.337,-0.30
341,2021-01-19,0.338,-0.88
342,2021-01-18,0.341,-2.57
343,2021-01-15,0.350,-6.42
344,2021-01-14,0.374,-7.43
345,2021-01-13,0.404,-0.74
346,2021-01-12,0.407,3.04
347,2021-01-11,0.395,7.34
348,2021-01-08,0.368,0.82
349,2021-01-07,0.365,4.29
350,2021-01-06,0.350,2.94
351,2021-01-05,0.340,11.84
352,2021-01-04,0.304,0.00
353,2020-12-31,0.304,3.05
354,2020-12-30,0.295,0.00
355,2020-12-29,0.295,-0.67
356,2020-12-28,0.297,3.48
357,2020-12-25,0.287,0.00
358,2020-12-24,0.287,0.00
359,2020-12-23,0.287,-0.35
360,2020-12-22,0.288,0.00
361,2020-12-21,0.288,-0.35
362,2020-12-18,0.289,0.00
363,2020-12-17,0.289,0.00
364,2020-12-16,0.289,-0.34
365,2020-12-15,0.290,0.35
366,2020-12-14,0.289,-0.34
367,2020-12-11,0.290,-0.34
368,2020-12-10,0.291,0.00
369,2020-12-09,0.291,-0.34
370,2020-12-08,0.292,0.00
371,2020-12-07,0.292,0.00
372,2020-12-04,0.292,-0.34
373,2020-12-03,0.293,0.00
374,2020-12-02,0.293,0.00
375,2020-12-01,0.293,-0.34
376,2020-11-30,0.294,0.00
377,2020-11-27,0.294,0.00
378,2020-11-26,0.294,-0.34
379,2020-11-25,0.295,0.00
380,2020-11-24,0.295,-0.34
381,2020-11-23,0.296,0.00
382,2020-11-20,0.296,0.00
383,2020-11-19,0.296,-0.34
384,2020-11-18,0.297,-1.98
385,2020-11-17,0.303,-1.62
386,2020-11-16,0.308,-0.32
387,2020-11-13,0.309,0.00
388,2020-11-12,0.309,-0.32
389,2020-11-11,0.310,0.00
390,2020-11-10,0.310,-0.32
391,2020-11-09,0.311,-0.32
392,2020-11-06,0.312,-1.27
393,2020-11-05,0.316,0.96
394,2020-11-04,0.313,-1.26
395,2020-11-03,0.317,0.96
396,2020-11-02,0.314,-0.32
397,2020-10-30,0.315,0.32
398,2020-10-29,0.314,2.61
399,2020-10-28,0.306,-3.16
400,2020-10-27,0.316,-0.94
401,2020-10-26,0.319,0.31
402,2020-10-23,0.318,0.00
403,2020-10-22,0.318,-1.24
404,2020-10-21,0.322,0.00
405,2020-10-20,0.322,-0.31
406,2020-10-19,0.323,1.57
407,2020-10-16,0.318,0.00
408,2020-10-15,0.318,-3.05
409,2020-10-14,0.328,0.00
410,2020-10-13,0.328,-0.30
411,2020-10-12,0.329,0.00
412,2020-10-09,0.329,-1.20
413,2020-10-08,0.333,0.30
414,2020-10-07,0.332,-2.35
415,2020-10-06,0.340,2.41
416,2020-10-05,0.332,2.79
417,2020-10-02,0.323,-10.77
418,2020-10-01,0.362,35.58
419,2020-09-30,0.267,-1.11
420,2020-09-29,0.270,-5.26
421,2020-09-28,0.285,-27.11
422,2020-09-25,0.391,1.03
423,2020-09-24,0.387,-1.02
424,2020-09-23,0.391,-2.01
425,2020-09-22,0.399,-2.68
426,2020-09-21,0.410,1.23
427,2020-09-18,0.405,-1.94
428,2020-09-17,0.413,-2.36
429,2020-09-16,0.423,0.48
430,2020-09-15,0.421,1.94
431,2020-09-14,0.413,-2.13
432,2020-09-11,0.422,0.00
433,2020-09-10,0.422,2.18
434,2020-09-09,0.413,0.00
435,2020-09-08,0.413,-0.24
436,2020-09-07,0.414,-1.66
437,2020-09-04,0.421,0.96
438,2020-09-03,0.417,31.96
439,2020-09-02,0.316,-24.04
440,2020-09-01,0.416,0.73
441,2020-08-31,0.413,2.99
442,2020-08-28,0.401,-5.65
443,2020-08-27,0.425,4.42
444,2020-08-26,0.407,-0.25
445,2020-08-25,0.408,0.00
446,2020-08-24,0.408,0.25
447,2020-08-21,0.407,-2.40
448,2020-08-20,0.417,2.46
449,2020-08-19,0.407,0.25
450,2020-08-18,0.406,1.00
451,2020-08-17,0.402,0.00
452,2020-08-14,0.402,7.20
453,2020-08-13,0.375,-15.54
454,2020-08-12,0.444,-11.73
455,2020-08-11,0.503,1.00
456,2020-08-10,0.498,-1.19
457,2020-08-07,0.504,1.20
458,2020-08-06,0.498,0.00
459,2020-08-05,0.498,-1.78
460,2020-08-04,0.507,3.68
461,2020-08-03,0.489,-4.68
462,2020-07-31,0.513,0.00
463,2020-07-30,0.513,0.59
464,2020-07-29,0.510,0.00
465,2020-07-28,0.510,1.80
466,2020-07-27,0.501,0.00
467,2020-07-24,0.501,-0.79
468,2020-07-23,0.505,0.80
469,2020-07-22,0.501,-0.79
470,2020-07-21,0.505,0.00
471,2020-07-20,0.505,-0.98
472,2020-07-17,0.510,0.99
473,2020-07-16,0.505,-4.36
474,2020-07-15,0.528,-3.47
475,2020-07-14,0.547,-5.69
476,2020-07-13,0.580,-0.17
477,2020-07-10,0.581,3.20
478,2020-07-09,0.563,-1.23
479,2020-07-08,0.570,0.00
480,2020-07-07,0.570,0.00
481,2020-07-06,0.570,-4.52
482,2020-07-03,0.597,0.17
483,2020-07-02,0.596,-0.17
484,2020-07-01,0.597,0.00
485,2020-06-30,0.597,0.00
486,2020-06-29,0.597,6.04
487,2020-06-26,0.563,0.00
488,2020-06-25,0.563,2.74
489,2020-06-24,0.548,-12.04
490,2020-06-23,0.623,0.00
491,2020-06-22,0.623,0.00
492,2020-06-19,0.623,-5.18
493,2020-06-18,0.657,-7.07
494,2020-06-17,0.707,-3.28
495,2020-06-16,0.731,-3.18
496,2020-06-15,0.755,-2.33
497,2020-06-12,0.773,-2.28
498,2020-06-11,0.791,-7.59
499,2020-06-10,0.856,4.65
500,2020-06-09,0.818,-11.57
501,2020-06-08,0.925,-1.49
502,2020-06-05,0.939,-0.42
503,2020-06-04,0.943,-0.11
504,2020-06-03,0.944,-4.65
505,2020-06-02,0.990,5.88
506,2020-06-01,0.935,-1.06
507,2020-05-29,0.945,-3.08
508,2020-05-28,0.975,-3.37
509,2020-05-27,1.009,0.70
510,2020-05-26,1.002,-5.74
511,2020-05-25,1.063,6.41
512,2020-05-22,0.999,5.27
513,2020-05-21,0.949,-24.80
514,2020-05-20,1.262,-5.54
515,2020-05-19,1.336,-14.74
516,2020-05-18,1.567,-1.32
517,2020-05-15,1.588,-0.38
518,2020-05-14,1.594,0.38
519,2020-05-13,1.588,0.00
520,2020-05-12,1.588,-3.64
521,2020-05-11,1.648,-3.34
522,2020-05-08,1.705,-2.40
523,2020-05-07,1.747,-0.06
524,2020-05-06,1.748,-3.90
525,2020-05-05,1.819,-4.06
526,2020-05-04,1.896,6.94
527,2020-04-30,1.773,-5.34
528,2020-04-29,1.873,0.64
529,2020-04-28,1.861,-0.75
530,2020-04-27,1.875,-4.63
531,2020-04-24,1.966,-2.96
532,2020-04-23,2.026,-3.80
533,2020-04-22,2.106,0.00
534,2020-04-21,2.106,1.89
535,2020-04-20,2.067,-0.58
536,2020-04-17,2.079,-1.89
537,2020-04-16,2.119,-5.74
538,2020-04-15,2.248,3.36
539,2020-04-14,2.175,-2.33
540,2020-04-13,2.227,-1.76
541,2020-04-10,2.267,3.37
542,2020-04-09,2.193,2.00
543,2020-04-08,2.150,-7.61
544,2020-04-07,2.327,-10.33
545,2020-04-06,2.595,-3.42
546,2020-04-03,2.687,2.44
547,2020-04-02,2.623,-3.67
548,2020-04-01,2.723,3.46
549,2020-03-31,2.632,4.28
550,2020-03-30,2.524,12.98
551,2020-03-27,2.234,8.82
552,2020-03-26,2.053,11.52
553,2020-03-25,1.841,-5.15
554,2020-03-24,1.941,-4.57
555,2020-03-23,2.034,10.24
556,2020-03-20,1.845,0.82
557,2020-03-19,1.830,8.35
558,2020-03-18,1.689,2.49
559,2020-03-17,1.648,0.00
560,2020-03-16,1.648,1.17
561,2020-03-13,1.629,1.12
562,2020-03-12,1.611,-0.86
563,2020-03-11,1.625,-1.57
564,2020-03-10,1.651,9.99
565,2020-03-09,1.501,0.00
566,2020-03-06,1.501,-1.96
567,2020-03-05,1.531,-4.13
568,2020-03-04,1.597,-11.43
569,2020-03-03,1.803,-2.49
570,2020-03-02,1.849,2.10
571,2020-02-28,1.811,-3.77
572,2020-02-27,1.882,1.89
573,2020-02-26,1.847,1.43
574,2020-02-25,1.821,-7.42
575,2020-02-24,1.967,6.44
576,2020-02-21,1.848,5.12
577,2020-02-20,1.758,1.91
578,2020-02-19,1.725,-0.75
579,2020-02-18,1.738,0.00
580,2020-02-17,1.738,-2.25
581,2020-02-14,1.778,3.37
582,2020-02-13,1.720,-5.18
583,2020-02-12,1.814,-3.25
584,2020-02-11,1.875,-0.64
585,2020-02-10,1.887,12.79
586,2020-02-07,1.673,1.46
587,2020-02-06,1.649,0.67
588,2020-02-05,1.638,-4.99
589,2020-02-04,1.724,-1.20
590,2020-02-03,1.745,15.18
591,2020-01-31,1.515,11.40
592,2020-01-30,1.360,19.30
593,2020-01-29,1.140,0.00
594,2020-01-28,1.140,0.00
595,2020-01-27,1.140,0.00
596,2020-01-24,1.140,0.00
597,2020-01-23,1.140,-7.69
598,2020-01-22,1.235,1.98
599,2020-01-21,1.211,6.23
600,2020-01-20,1.140,0.00
601,2020-01-17,1.140,3.64
602,2020-01-16,1.100,-0.18
603,2020-01-15,1.102,-11.63
604,2020-01-14,1.247,-2.43
605,2020-01-13,1.278,-1.92
606,2020-01-10,1.303,0.00
607,2020-01-09,1.303,4.24
608,2020-01-08,1.250,-14.27
609,2020-01-07,1.458,-0.82
610,2020-01-06,1.470,-1.67
611,2020-01-03,1.495,-3.24
612,2020-01-02,1.545,11.23
613,2020-01-01,1.389,-6.34
614,2019-12-31,1.483,-2.43
615,2019-12-30,1.520,0.80
616,2019-12-27,1.508,1.69
617,2019-12-26,1.483,-2.31
618,2019-12-25,1.518,-1.62
619,2019-12-24,1.543,0.00
620,2019-12-23,1.543,-0.77
621,2019-12-20,1.555,-2.20
622,2019-12-19,1.590,-0.87
623,2019-12-18,1.604,-8.97
624,2019-12-17,1.762,0.51
625,2019-12-16,1.753,4.35
626,2019-12-13,1.680,1.51
627,2019-12-12,1.655,0.00
628,2019-12-11,1.655,-1.49
629,2019-12-10,1.680,5.33
630,2019-12-09,1.595,-1.54
631,2019-12-06,1.620,-13.97
632,2019-12-05,1.883,-10.72
633,2019-12-04,2.109,-1.91
634,2019-12-03,2.150,-1.69
635,2019-12-02,2.187,2.20
636,2019-11-29,2.140,2.98
637,2019-11-28,2.078,-0.72
638,2019-11-27,2.093,-7.80
639,2019-11-26,2.270,4.61
640,2019-11-25,2.170,0.00
641,2019-11-22,2.170,1.12
642,2019-11-21,2.146,3.67
643,2019-11-20,2.070,16.82
644,2019-11-19,1.772,-4.99
645,2019-11-18,1.865,-3.17
646,2019-11-15,1.926,-10.71
647,2019-11-14,2.157,-0.09
648,2019-11-13,2.159,0.00
649,2019-11-12,2.159,-0.78
650,2019-11-11,2.176,0.00
651,2019-11-08,2.176,3.77
652,2019-11-07,2.097,-8.71
653,2019-11-06,2.297,-1.75
654,2019-11-05,2.338,3.91
655,2019-11-04,2.250,4.51
656,2019-11-01,2.153,-1.24
657,2019-10-31,2.180,-3.75
658,2019-10-30,2.265,-2.12
659,2019-10-29,2.314,-2.81
660,2019-10-28,2.381,1.54
661,2019-10-25,2.345,3.90
662,2019-10-24,2.257,0.67
663,2019-10-23,2.242,-3.74
664,2019-10-22,2.329,-6.58
665,2019-10-21,2.493,0.77
666,2019-10-18,2.474,1.89
667,2019-10-17,2.428,-2.57
668,2019-10-16,2.492,-5.32
669,2019-10-15,2.632,-3.27
670,2019-10-14,2.721,0.00
671,2019-10-11,2.721,0.70
672,2019-10-10,2.702,-4.56
673,2019-10-09,2.831,-0.28
674,2019-10-08,2.839,0.00
675,2019-10-07,2.839,-0.35
676,2019-10-04,2.849,-0.45
677,2019-10-03,2.862,-0.07
678,2019-10-02,2.864,0.00
679,2019-10-01,2.864,0.85
680,2019-09-30,2.840,0.04
681,2019-09-27,2.839,-0.04
682,2019-09-26,2.840,0.53
683,2019-09-25,2.825,1.62
684,2019-09-24,2.780,-0.54
685,2019-09-23,2.795,0.98
686,2019-09-20,2.768,2.14
687,2019-09-19,2.710,0.00
688,2019-09-18,2.710,-1.09
689,2019-09-17,2.740,2.09
690,2019-09-16,2.684,-1.72
691,2019-09-13,2.731,-1.73
692,2019-09-12,2.779,0.32
693,2019-09-11,2.770,0.18
694,2019-09-10,2.765,0.00
695,2019-09-09,2.765,-0.04
696,2019-09-06,2.766,-0.32
697,2019-09-05,2.775,0.36
698,2019-09-04,2.765,-0.18
699,2019-09-03,2.770,0.00
700,2019-09-02,2.770,0.00
701,2019-08-30,2.770,-1.25
702,2019-08-29,2.805,-0.88
703,2019-08-28,2.830,0.53
704,2019-08-27,2.815,0.18
705,2019-08-26,2.810,1.08
706,2019-08-23,2.780,-0.82
707,2019-08-22,2.803,-2.30
708,2019-08-21,2.869,0.14
709,2019-08-20,2.865,0.00
710,2019-08-19,2.865,-0.52
711,2019-08-16,2.880,2.49
712,2019-08-15,2.810,-5.10
713,2019-08-14,2.961,-0.54
714,2019-08-13,2.977,0.00
715,2019-08-12,2.977,-0.10
716,2019-08-09,2.980,0.34
717,2019-08-08,2.970,0.00
718,2019-08-07,2.970,-0.34
719,2019-08-06,2.980,0.68
720,2019-08-05,2.960,0.85
721,2019-08-02,2.935,0.00
722,2019-08-01,2.935,0.17
723,2019-07-31,2.930,0.03
724,2019-07-30,2.929,1.88
725,2019-07-29,2.875,1.77
726,2019-07-26,2.825,0.36
727,2019-07-25,2.815,1.30
728,2019-07-24,2.779,-0.04
729,2019-07-23,2.780,1.31
730,2019-07-22,2.744,-1.29
731,2019-07-19,2.780,-1.70
732,2019-07-18,2.828,-2.65
733,2019-07-17,2.905,-1.76
734,2019-07-16,2.957,-1.04
735,2019-07-15,2.988,-1.35
736,2019-07-12,3.029,-3.41
737,2019-07-11,3.136,-1.54
738,2019-07-10,3.185,0.06
739,2019-07-09,3.183,0.00
740,2019-07-08,3.183,0.25
741,2019-07-05,3.175,-0.06
742,2019-07-04,3.177,0.00
743,2019-07-03,3.177,-0.63
744,2019-07-02,3.197,-0.53
745,2019-07-01,3.214,-0.09
746,2019-06-28,3.217,0.00
747,2019-06-27,3.217,0.69
748,2019-06-26,3.195,0.00
749,2019-06-25,3.195,0.06
750,2019-06-24,3.193,0.00
751,2019-06-21,3.193,0.00
752,2019-06-20,3.193,-0.13
753,2019-06-19,3.197,0.00
754,2019-06-18,3.197,-0.25
755,2019-06-17,3.205,0.38
756,2019-06-14,3.193,-0.47
757,2019-06-13,3.208,0.03
758,2019-06-12,3.207,0.00
759,2019-06-11,3.207,0.56
760,2019-06-10,3.189,-0.13
761,2019-06-07,3.193,-0.47
762,2019-06-06,3.208,-0.09
763,2019-06-05,3.211,0.03
764,2019-06-04,3.210,-0.19
765,2019-06-03,3.216,0.25
766,2019-05-31,3.208,0.00
767,2019-05-30,3.208,-0.53
768,2019-05-29,3.225,0.00
769,2019-05-28,3.225,0.00
770,2019-05-27,3.225,-0.25
771,2019-05-24,3.233,0.37
772,2019-05-23,3.221,-0.59
773,2019-05-22,3.240,-0.40
774,2019-05-21,3.253,-0.37
775,2019-05-20,3.265,0.40
776,2019-05-17,3.252,0.99
777,2019-05-16,3.220,-2.22
778,2019-05-15,3.293,0.00
779,2019-05-14,3.293,0.52
780,2019-05-13,3.276,-0.97
781,2019-05-10,3.308,-0.96
782,2019-05-09,3.340,0.81
783,2019-05-08,3.313,-0.69
784,2019-05-07,3.336,-1.24
785,2019-05-06,3.378,3.91
786,2019-05-03,3.251,0.40
787,2019-05-02,3.238,1.57
788,2019-05-01,3.188,0.00
789,2019-04-30,3.188,0.00
790,2019-04-29,3.188,0.25
791,2019-04-26,3.180,-0.03
792,2019-04-25,3.181,-0.34
793,2019-04-24,3.192,0.00
794,2019-04-23,3.192,0.03
795,2019-04-22,3.191,-0.68
796,2019-04-19,3.213,-0.16
797,2019-04-18,3.218,-5.77
798,2019-04-17,3.415,0.00
799,2019-04-16,3.415,-0.26
800,2019-04-15,3.424,-0.32
801,2019-04-12,3.435,0.00
802,2019-04-11,3.435,-0.17
803,2019-04-10,3.441,2.53
804,2019-04-09,3.356,2.19
805,2019-04-08,3.284,0.83
806,2019-04-05,3.257,-1.78
807,2019-04-04,3.316,-0.87
808,2019-04-03,3.345,0.72
809,2019-04-02,3.321,1.87
810,2019-04-01,3.260,0.65
811,2019-03-29,3.239,-1.10
812,2019-03-28,3.275,-0.61
813,2019-03-27,3.295,-1.52
814,2019-03-26,3.346,2.73
815,2019-03-25,3.257,3.92
816,2019-03-22,3.134,0.22
817,2019-03-21,3.127,-0.57
818,2019-03-20,3.145,1.85
819,2019-03-19,3.088,0.03
820,2019-03-18,3.087,0.32
821,2019-03-15,3.077,0.79
822,2019-03-14,3.053,4.81
823,2019-03-13,2.913,-1.92
824,2019-03-12,2.970,-0.44
825,2019-03-11,2.983,1.32
826,2019-03-08,2.944,0.31
827,2019-03-07,2.935,-2.49
828,2019-03-06,3.010,0.00
829,2019-03-05,3.010,0.77
830,2019-03-04,2.987,0.81
831,2019-03-01,2.963,0.61
832,2019-02-28,2.945,0.68
833,2019-02-27,2.925,1.21
834,2019-02-26,2.890,-6.41
835,2019-02-25,3.088,0.29
836,2019-02-22,3.079,-0.03
837,2019-02-21,3.080,7.13
838,2019-02-20,2.875,2.79
839,2019-02-19,2.797,0.65
840,2019-02-18,2.779,2.24
841,2019-02-15,2.718,-6.15
842,2019-02-14,2.896,-2.95
843,2019-02-13,2.984,-3.96
844,2019-02-12,3.107,-3.45
845,2019-02-11,3.218,-3.88
846,2019-02-08,3.348,0.00
847,2019-02-07,3.348,0.00
848,2019-02-06,3.348,0.00
849,2019-02-05,3.348,0.00
850,2019-02-04,3.348,0.15
851,2019-02-01,3.343,0.30
852,2019-01-31,3.333,-1.80
853,2019-01-30,3.394,-0.29
854,2019-01-29,3.404,0.00
855,2019-01-28,3.404,1.49
856,2019-01-25,3.354,-0.39
857,2019-01-24,3.367,0.00
858,2019-01-23,3.367,-2.63
859,2019-01-22,3.458,0.00
860,2019-01-21,3.458,1.92
861,2019-01-18,3.393,-2.13
862,2019-01-17,3.467,2.39
863,2019-01-16,3.386,-3.04
864,2019-01-15,3.492,0.72
865,2019-01-14,3.467,1.17
866,2019-01-11,3.427,-4.22
867,2019-01-10,3.578,-1.13
868,2019-01-09,3.619,-5.41
869,2019-01-08,3.826,-0.98
870,2019-01-07,3.864,-4.14
871,2019-01-04,4.031,-0.62
872,2019-01-03,4.056,-1.58
873,2019-01-02,4.121,1.05
874,2019-01-01,4.078,0.00
875,2018-12-31,4.078,-0.07
876,2018-12-28,4.081,-0.27
877,2018-12-27,4.092,0.02
878,2018-12-26,4.091,0.00
879,2018-12-25,4.091,3.60
880,2018-12-24,3.949,-0.78
881,2018-12-21,3.980,-3.16
882,2018-12-20,4.110,-0.48
883,2018-12-19,4.130,-0.43
884,2018-12-18,4.148,0.61
885,2018-12-17,4.123,0.00
886,2018-12-14,4.123,0.02
887,2018-12-13,4.122,0.00
888,2018-12-12,4.122,0.32
889,2018-12-11,4.109,0.00
890,2018-12-10,4.109,-0.05
891,2018-12-07,4.111,0.00
892,2018-12-06,4.111,0.44
893,2018-12-05,4.093,-1.28
894,2018-12-04,4.146,0.68
895,2018-12-03,4.118,-1.01
896,2018-11-30,4.160,-0.02
897,2018-11-29,4.161,-1.86
898,2018-11-28,4.240,-0.40
899,2018-11-27,4.257,1.26
900,2018-11-26,4.204,-4.02
901,2018-11-23,4.380,0.94
902,2018-11-22,4.339,0.00
903,2018-11-21,4.339,0.84
904,2018-11-20,4.303,-0.55
905,2018-11-19,4.327,-0.28
906,2018-11-16,4.339,0.28
907,2018-11-15,4.327,-2.10
908,2018-11-14,4.420,-1.36
909,2018-11-13,4.481,1.93
910,2018-11-12,4.396,0.34
911,2018-11-09,4.381,0.41
912,2018-11-08,4.363,0.69
913,2018-11-07,4.333,1.50
914,2018-11-06,4.269,-0.44
915,2018-11-05,4.288,-0.92
916,2018-11-02,4.328,0.00
917,2018-11-01,4.328,-0.78
918,2018-10-31,4.362,-0.80
919,2018-10-30,4.397,0.66
920,2018-10-29,4.368,1.70
921,2018-10-26,4.295,-0.02
922,2018-10-25,4.296,0.63
923,2018-10-24,4.269,1.81
924,2018-10-23,4.193,1.18
925,2018-10-22,4.144,0.22
926,2018-10-19,4.135,-0.02
927,2018-10-18,4.136,-0.67
928,2018-10-17,4.164,0.00
929,2018-10-16,4.164,0.41
930,2018-10-15,4.147,0.00
931,2018-10-12,4.147,-0.53
932,2018-10-11,4.169,0.58
933,2018-10-10,4.145,1.12
934,2018-10-09,4.099,0.86
935,2018-10-08,4.064,-0.34
936,2018-10-05,4.078,0.12
937,2018-10-04,4.073,0.00
938,2018-10-03,4.073,-1.48
939,2018-10-02,4.134,0.00
940,2018-10-01,4.134,-1.62
941,2018-09-28,4.202,4.14
942,2018-09-27,4.035,-0.02
943,2018-09-26,4.036,-1.51
944,2018-09-25,4.098,1.49
945,2018-09-24,4.038,-2.06
946,2018-09-21,4.123,0.83
947,2018-09-20,4.089,0.17
948,2018-09-19,4.082,0.00
949,2018-09-18,4.082,2.77
950,2018-09-17,3.972,1.79
951,2018-09-14,3.902,-4.97
952,2018-09-13,4.106,-0.82
953,2018-09-12,4.140,-3.32
954,2018-09-11,4.282,-2.84
955,2018-09-10,4.407,0.00
956,2018-09-07,4.407,0.64
957,2018-09-06,4.379,2.05
958,2018-09-05,4.291,0.21
959,2018-09-04,4.282,1.52
960,2018-09-03,4.218,-0.24
961,2018-08-31,4.228,1.56
962,2018-08-30,4.163,-1.82
963,2018-08-29,4.240,0.24
964,2018-08-28,4.230,0.26
965,2018-08-27,4.219,1.22
966,2018-08-24,4.168,1.66
967,2018-08-23,4.100,0.17
968,2018-08-22,4.093,0.00
969,2018-08-21,4.093,-2.71
970,2018-08-20,4.207,-1.04
971,2018-08-17,4.251,0.66
972,2018-08-16,4.223,2.57
973,2018-08-15,4.117,0.96
974,2018-08-14,4.078,0.87
975,2018-08-13,4.043,-0.59
976,2018-08-10,4.067,0.00
977,2018-08-09,4.067,1.60
978,2018-08-08,4.003,-0.96
979,2018-08-07,4.042,1.05
980,2018-08-06,4.000,-7.58
981,2018-08-03,4.328,15.60
982,2018-08-02,3.744,-1.19
983,2018-08-01,3.789,10.76
984,2018-07-31,3.421,-3.44
985,2018-07-30,3.543,20.84
986,2018-07-27,2.932,-0.61
987,2018-07-26,2.950,-5.57
988,2018-07-25,3.124,-0.95
989,2018-07-24,3.154,4.06
990,2018-07-23,3.031,9.42
991,2018-07-20,2.770,13.11
992,2018-07-19,2.449,-0.08
993,2018-07-18,2.451,3.29
994,2018-07-17,2.373,1.58
995,2018-07-16,2.336,0.00
996,2018-07-13,2.336,-1.02
997,2018-07-12,2.360,0.51
998,2018-07-11,2.348,1.21
999,2018-07-10,2.320,-0.04
1000,2018-07-09,2.321,-0.73
1001,2018-07-06,2.338,0.52
1002,2018-07-05,2.326,1.22
1003,2018-07-04,2.298,0.97
1004,2018-07-03,2.276,0.00
1005,2018-07-02,2.276,2.43
1006,2018-06-29,2.222,-0.36
1007,2018-06-28,2.230,0.59
1008,2018-06-27,2.217,0.36
1009,2018-06-26,2.209,0.05
1010,2018-06-25,2.208,0.82
1011,2018-06-22,2.190,-0.41
1012,2018-06-21,2.199,-1.26
1013,2018-06-20,2.227,-0.89
1014,2018-06-19,2.247,-2.39
1015,2018-06-18,2.302,0.44
1016,2018-06-15,2.292,0.17
1017,2018-06-14,2.288,-1.08
1018,2018-06-13,2.313,-0.26
1019,2018-06-12,2.319,0.78
1020,2018-06-11,2.301,-0.78
1021,2018-06-08,2.319,0.74
1022,2018-06-07,2.302,-0.60
1023,2018-06-06,2.316,0.04
1024,2018-06-05,2.315,-4.10
1025,2018-06-04,2.414,-0.70
1026,2018-06-01,2.431,-0.04
1027,2018-05-31,2.432,4.15
1028,2018-05-30,2.335,2.55
1029,2018-05-29,2.277,-0.18
1030,2018-05-28,2.281,-0.87
1031,2018-05-25,2.301,-1.07
1032,2018-05-24,2.326,3.19
1033,2018-05-23,2.254,-0.09
1034,2018-05-22,2.256,0.04
1035,2018-05-21,2.255,-0.66
1036,2018-05-20,2.270,0.00
1037,2018-05-18,2.270,0.62
1038,2018-05-17,2.256,-1.48
1039,2018-05-16,2.290,2.74
1040,2018-05-15,2.229,-0.40
1041,2018-05-14,2.238,0.22
1042,2018-05-11,2.233,0.13
1043,2018-05-10,2.230,-1.15
1044,2018-05-09,2.256,-2.76
1045,2018-05-08,2.320,-0.34
1046,2018-05-07,2.328,-1.02
1047,2018-05-04,2.352,-5.28
1048,2018-05-03,2.483,-4.68
1049,2018-05-02,2.605,2.00
1050,2018-05-01,2.554,0.00
1051,2018-04-30,2.554,0.00
1052,2018-04-27,2.554,6.28
1053,2018-04-26,2.403,0.08
1054,2018-04-25,2.401,0.00
1055,2018-04-24,2.401,4.85
1056,2018-04-23,2.290,0.79
1057,2018-04-20,2.272,1.20
1058,2018-04-19,2.245,1.31
1059,2018-04-18,2.216,-0.40
1060,2018-04-17,2.225,4.07
1061,2018-04-16,2.138,1.09
1062,2018-04-13,2.115,-1.31
1063,2018-04-12,2.143,-1.79
1064,2018-04-11,2.182,-3.75
1065,2018-04-10,2.267,-1.99
1066,2018-04-09,2.313,-0.04
1067,2018-04-06,2.314,-1.45
1068,2018-04-05,2.348,1.34
1069,2018-04-04,2.317,-1.03
1070,2018-04-03,2.341,-0.76
1071,2018-04-02,2.359,0.81
1072,2018-03-30,2.340,-5.65
1073,2018-03-29,2.480,8.72
1074,2018-03-28,2.281,-0.04
1075,2018-03-27,2.282,0.31
1076,2018-03-26,2.275,-0.18
1077,2018-03-23,2.279,-1.47
1078,2018-03-22,2.313,-0.56
1079,2018-03-21,2.326,-0.04
1080,2018-03-20,2.327,0.52
1081,2018-03-19,2.315,-2.03
1082,2018-03-16,2.363,-1.58
1083,2018-03-15,2.401,-0.58
1084,2018-03-14,2.415,-2.07
1085,2018-03-13,2.466,-0.24
1086,2018-03-12,2.472,0.12
1087,2018-03-09,2.469,2.75
1088,2018-03-08,2.403,2.26
1089,2018-03-07,2.350,0.30
1090,2018-03-06,2.343,-1.01
1091,2018-03-05,2.367,0.59
1092,2018-03-02,2.353,-5.62
1093,2018-03-01,2.493,-1.77
1094,2018-02-28,2.538,-0.08
1095,2018-02-27,2.540,-1.82
1096,2018-02-26,2.587,3.36
1097,2018-02-23,2.503,-9.38
1098,2018-02-22,2.762,-3.29
1099,2018-02-21,2.856,0.07
1100,2018-02-20,2.854,0.00
1101,2018-02-19,2.854,0.00
1102,2018-02-18,2.854,0.00
1103,2018-02-16,2.854,0.00
1104,2018-02-15,2.854,0.00
1105,2018-02-14,2.854,0.00
1106,2018-02-13,2.854,0.63
1107,2018-02-12,2.836,-2.81
1108,2018-02-09,2.918,-3.86
1109,2018-02-08,3.035,2.88
1110,2018-02-07,2.950,-0.41
1111,2018-02-06,2.962,4.00
1112,2018-02-05,2.848,4.59
1113,2018-02-02,2.723,-8.81
1114,2018-02-01,2.986,3.07
1115,2018-01-31,2.897,-2.75
1116,2018-01-30,2.979,2.13
1117,2018-01-29,2.917,0.79
1118,2018-01-26,2.894,-5.11
1119,2018-01-25,3.050,-3.27
1120,2018-01-24,3.153,-3.34
1121,2018-01-23,3.262,-0.52
1122,2018-01-22,3.279,-1.09
1123,2018-01-19,3.315,3.98
1124,2018-01-18,3.188,-6.32
1125,2018-01-17,3.403,-0.47
1126,2018-01-16,3.419,-2.12
1127,2018-01-15,3.493,2.13
1128,2018-01-12,3.420,1.76
1129,2018-01-11,3.361,-2.66
1130,2018-01-10,3.453,-1.68
1131,2018-01-09,3.512,-2.31
1132,2018-01-08,3.595,-0.03
1133,2018-01-05,3.596,-0.11
1134,2018-01-04,3.600,-0.74
1135,2018-01-03,3.627,-0.49
1136,2018-01-02,3.645,-0.55
1137,2018-01-01,3.665,0.00
1138,2017-12-29,3.665,-0.57
1139,2017-12-28,3.686,4.60
1140,2017-12-27,3.524,-0.68
1141,2017-12-26,3.548,11.47
1142,2017-12-25,3.183,-1.36
1143,2017-12-22,3.227,-1.47
1144,2017-12-21,3.275,-3.68
1145,2017-12-20,3.400,-4.25
1146,2017-12-19,3.551,-0.28
1147,2017-12-18,3.561,-2.55
1148,2017-12-16,3.654,0.00
1149,2017-12-15,3.654,-1.06
1150,2017-12-14,3.693,-2.15
1151,2017-12-13,3.774,-2.81
1152,2017-12-12,3.883,-1.04
1153,2017-12-11,3.924,-0.46
1154,2017-12-08,3.942,-0.23
1155,2017-12-07,3.951,-1.20
1156,2017-12-06,3.999,0.18
1157,2017-12-05,3.992,0.10
1158,2017-12-04,3.988,0.66
1159,2017-12-01,3.962,0.18
1160,2017-11-30,3.955,-0.48
1161,2017-11-29,3.974,-0.67
1162,2017-11-28,4.001,0.00
1163,2017-11-27,4.001,-1.21
1164,2017-11-24,4.050,-0.37
1165,2017-11-23,4.065,0.00
1166,2017-11-22,4.065,0.00
1167,2017-11-21,4.065,1.04
1168,2017-11-20,4.023,0.00
1169,2017-11-17,4.023,0.00
1170,2017-11-16,4.023,0.45
1171,2017-11-15,4.005,0.86
1172,2017-11-14,3.971,0.00
1173,2017-11-13,3.971,2.64
1174,2017-11-10,3.869,0.00
1175,2017-11-09,3.869,1.92
1176,2017-11-08,3.796,0.00
1177,2017-11-07,3.796,0.82
1178,2017-11-06,3.765,0.00
1179,2017-11-03,3.765,-1.31
1180,2017-11-02,3.815,0.61
1181,2017-11-01,3.792,0.21
1182,2017-10-31,3.784,0.00
1183,2017-10-30,3.784,0.42
1184,2017-10-29,3.768,0.00
1185,2017-10-27,3.768,0.00
1186,2017-10-26,3.768,0.00
1187,2017-10-25,3.768,0.00
1188,2017-10-24,3.768,0.94
1189,2017-10-23,3.733,0.00
1190,2017-10-22,3.733,0.00
1191,2017-10-20,3.733,0.13
1192,2017-10-19,3.728,0.11
1193,2017-10-18,3.724,1.61
1194,2017-10-17,3.665,0.00
1195,2017-10-16,3.665,0.11
1196,2017-10-13,3.661,0.00
1197,2017-10-12,3.661,0.38
1198,2017-10-11,3.647,-0.16
1199,2017-10-10,3.653,-4.12
1200,2017-10-09,3.810,-1.19
1201,2017-10-06,3.856,-0.39
1202,2017-10-05,3.871,0.00
1203,2017-10-04,3.871,-0.59
1204,2017-10-03,3.894,-1.22
1205,2017-10-02,3.942,-0.10
1206,2017-09-29,3.946,-0.13
1207,2017-09-28,3.951,-0.03
1208,2017-09-27,3.952,0.00
1209,2017-09-26,3.952,0.00
1210,2017-09-25,3.952,0.00
1211,2017-09-22,3.952,-0.15
1212,2017-09-21,3.958,0.05
1213,2017-09-20,3.956,-0.48
1214,2017-09-19,3.975,0.66
1215,2017-09-18,3.949,-0.20
1216,2017-09-15,3.957,0.48
1217,2017-09-14,3.938,0.00
1218,2017-09-13,3.938,0.00
1219,2017-09-12,3.938,-1.30
1220,2017-09-11,3.990,0.30
1221,2017-09-08,3.978,0.84
1222,2017-09-07,3.945,0.61
1223,2017-09-06,3.921,-2.56
1224,2017-09-05,4.024,-0.42
1225,2017-09-04,4.041,-0.05
1226,2017-09-01,4.043,2.10
1227,2017-08-31,3.960,0.13
1228,2017-08-30,3.955,0.00
1229,2017-08-29,3.955,-2.68
1230,2017-08-28,4.064,3.99
1231,2017-08-25,3.908,1.80
1232,2017-08-24,3.839,2.51
1233,2017-08-23,3.745,2.13
1234,2017-08-22,3.667,0.77
1235,2017-08-21,3.639,9.34
1236,2017-08-18,3.328,2.12
1237,2017-08-17,3.259,2.10
1238,2017-08-16,3.192,-0.37
1239,2017-08-15,3.204,-0.31
1240,2017-08-14,3.214,1.29
1241,2017-08-11,3.173,0.03
1242,2017-08-10,3.172,-0.09
1243,2017-08-09,3.175,0.89
1244,2017-08-08,3.147,0.32
1245,2017-08-07,3.137,1.19
1246,2017-08-06,3.100,0.00
1247,2017-08-04,3.100,0.00
1248,2017-08-03,3.100,0.00
1249,2017-08-02,3.100,0.00
1250,2017-08-01,3.100,-0.90
1251,2017-07-31,3.128,0.29
1252,2017-07-28,3.119,-0.26
1253,2017-07-27,3.127,0.13
1254,2017-07-26,3.123,-0.35
1255,2017-07-25,3.134,0.00
1256,2017-07-24,3.134,0.06
1257,2017-07-21,3.132,0.00
1258,2017-07-20,3.132,0.64
1259,2017-07-19,3.112,-0.16
1260,2017-07-18,3.117,-2.84
1261,2017-07-17,3.208,-5.42
1262,2017-07-16,3.392,0.00
1263,2017-07-14,3.392,0.98
1264,2017-07-13,3.359,0.18
1265,2017-07-12,3.353,-1.44
1266,2017-07-11,3.402,-1.79
1267,2017-07-10,3.464,-2.26
1268,2017-07-07,3.544,-0.34
1269,2017-07-06,3.556,-0.25
1270,2017-07-05,3.565,0.00
1271,2017-07-04,3.565,0.00
1272,2017-07-03,3.565,-0.34
1273,2017-07-02,3.577,0.00
1274,2017-07-01,3.577,0.00
1275,2017-06-30,3.577,0.11
1276,2017-06-29,3.573,0.70
1277,2017-06-28,3.548,0.00
1278,2017-06-27,3.548,0.00
1279,2017-06-26,3.548,1.11
1280,2017-06-25,3.509,0.00
1281,2017-06-23,3.509,0.17
1282,2017-06-22,3.503,0.00
1283,2017-06-21,3.503,-0.11
1284,2017-06-20,3.507,-0.31
1285,2017-06-19,3.518,0.26
1286,2017-06-16,3.509,-0.34
1287,2017-06-15,3.521,-0.28
1288,2017-06-14,3.531,-0.28
1289,2017-06-13,3.541,-0.37
1290,2017-06-12,3.554,-0.31
1291,2017-06-09,3.565,-1.46
1292,2017-06-08,3.618,-0.06
1293,2017-06-07,3.620,-1.20
1294,2017-06-06,3.664,-0.30
1295,2017-06-05,3.675,-1.74
1296,2017-06-02,3.740,0.38
1297,2017-06-01,3.726,5.79
1298,2017-05-31,3.522,5.73
1299,2017-05-30,3.331,3.25
1300,2017-05-29,3.226,-5.62
1301,2017-05-26,3.418,-1.41
1302,2017-05-25,3.467,-6.30
1303,2017-05-24,3.700,-4.69
1304,2017-05-23,3.882,-0.38
1305,2017-05-22,3.897,-1.32
1306,2017-05-19,3.949,1.65
1307,2017-05-18,3.885,-2.17
1308,2017-05-17,3.971,-1.29
1309,2017-05-16,4.023,-0.40
1310,2017-05-15,4.039,-1.10
1311,2017-05-12,4.084,0.02
1312,2017-05-11,4.083,-0.29
1313,2017-05-10,4.095,0.02
1314,2017-05-09,4.094,-0.39
1315,2017-05-08,4.110,0.00
1316,2017-05-07,4.110,0.00
1317,2017-05-05,4.110,0.00
1318,2017-05-04,4.110,0.12
1319,2017-05-03,4.105,0.00
1320,2017-05-02,4.105,0.00
1321,2017-05-01,4.105,0.10
1322,2017-04-28,4.101,0.00
1323,2017-04-27,4.101,1.61
1324,2017-04-26,4.036,0.65
1325,2017-04-25,4.010,1.96
1326,2017-04-24,3.933,0.00
1327,2017-04-22,3.933,0.00
1328,2017-04-21,3.933,0.38
1329,2017-04-20,3.918,1.06
1330,2017-04-19,3.877,-0.56
1331,2017-04-18,3.899,0.67
1332,2017-04-17,3.873,-0.44
1333,2017-04-14,3.890,-0.21
1334,2017-04-13,3.898,0.54
1335,2017-04-12,3.877,-1.67
1336,2017-04-11,3.943,0.28
1337,2017-04-10,3.932,-0.56
1338,2017-04-07,3.954,-0.03
1339,2017-04-06,3.955,0.00
1340,2017-04-05,3.955,-2.54
1341,2017-04-04,4.058,-0.02
1342,2017-04-03,4.059,1.05
1343,2017-03-31,4.017,-1.88
1344,2017-03-30,4.094,0.00
1345,2017-03-29,4.094,0.00
1346,2017-03-28,4.094,0.00
1347,2017-03-27,4.094,0.00
1348,2017-03-26,4.094,0.00
1349,2017-03-24,4.094,1.69
1350,2017-03-23,4.026,0.45
1351,2017-03-22,4.008,0.00
1352,2017-03-21,4.008,0.10
1353,2017-03-20,4.004,2.01
1354,2017-03-18,3.925,0.00
1355,2017-03-17,3.925,-0.28
1356,2017-03-16,3.936,-2.55
1357,2017-03-15,4.039,0.65
1358,2017-03-14,4.013,1.29
1359,2017-03-13,3.962,0.63
1360,2017-03-10,3.937,0.05
1361,2017-03-09,3.935,1.26
1362,2017-03-08,3.886,0.00
1363,2017-03-07,3.886,0.00
1364,2017-03-06,3.886,0.05
1365,2017-03-03,3.884,0.00
1366,2017-03-02,3.884,-0.18
1367,2017-03-01,3.891,0.83
1368,2017-02-28,3.859,0.68
1369,2017-02-27,3.833,0.08
1370,2017-02-24,3.830,-0.44
1371,2017-02-23,3.847,-1.05
1372,2017-02-22,3.888,-1.77
1373,2017-02-21,3.958,-0.45
1374,2017-02-20,3.976,0.35
1375,2017-02-17,3.962,4.87
1376,2017-02-16,3.778,2.25
1377,2017-02-15,3.695,2.81
1378,2017-02-14,3.594,0.81
1379,2017-02-13,3.565,-2.99
1380,2017-02-10,3.675,-0.16
1381,2017-02-09,3.681,-3.89
1382,2017-02-08,3.830,0.00
1383,2017-02-07,3.830,-4.92
1384,2017-02-06,4.028,-2.35
1385,2017-02-03,4.125,-0.67
1386,2017-02-02,4.153,3.18
1387,2017-02-01,4.025,0.00
1388,2017-01-31,4.025,-0.02
1389,2017-01-30,4.026,0.00
1390,2017-01-27,4.026,0.00
1391,2017-01-26,4.026,0.00
1392,2017-01-25,4.026,0.10
1393,2017-01-24,4.022,-3.29
1394,2017-01-23,4.159,0.00
1395,2017-01-20,4.159,0.00
1396,2017-01-19,4.159,-0.19
1397,2017-01-18,4.167,0.24
1398,2017-01-17,4.157,0.22
1399,2017-01-16,4.148,0.61
1400,2017-01-13,4.123,-0.22
1401,2017-01-12,4.132,-0.98
1402,2017-01-11,4.173,-1.02
1403,2017-01-10,4.216,-0.43
1404,2017-01-09,4.234,0.00
1405,2017-01-06,4.234,-1.01
1406,2017-01-05,4.277,-0.81
1407,2017-01-04,4.312,-0.90
1408,2017-01-03,4.351,5.97
1409,2017-01-02,4.106,0.00
1410,2016-12-30,4.106,-3.71
1411,2016-12-29,4.264,-0.26
1412,2016-12-28,4.275,-3.67
1413,2016-12-27,4.438,2.21
1414,2016-12-26,4.342,-5.53
1415,2016-12-23,4.596,0.13
1416,2016-12-22,4.590,-0.46
1417,2016-12-21,4.611,0.09
1418,2016-12-20,4.607,0.22
1419,2016-12-19,4.597,0.83
1420,2016-12-16,4.559,1.76
1421,2016-12-15,4.480,5.64
1422,2016-12-14,4.241,1.17
1423,2016-12-13,4.192,2.32
1424,2016-12-12,4.097,2.37
1425,2016-12-09,4.002,0.68
1426,2016-12-08,3.975,0.00
1427,2016-12-07,3.975,0.86
1428,2016-12-06,3.941,0.23
1429,2016-12-05,3.932,-0.20
1430,2016-12-02,3.940,0.15
1431,2016-12-01,3.934,0.00
1432,2016-11-30,3.934,-0.46
1433,2016-11-29,3.952,1.07
1434,2016-11-28,3.910,0.00
1435,2016-11-25,3.910,0.00
1436,2016-11-24,3.910,1.80
1437,2016-11-23,3.841,-0.21
1438,2016-11-22,3.849,-6.55
1439,2016-11-21,4.119,0.00
1440,2016-11-18,4.119,1.38
1441,2016-11-17,4.063,1.91
1442,2016-11-16,3.987,6.18
1443,2016-11-15,3.755,-2.19
1444,2016-11-14,3.839,1.11
1445,2016-11-11,3.797,0.90
1446,2016-11-10,3.763,0.00
1447,2016-11-09,3.763,1.26
1448,2016-11-08,3.716,4.56
1449,2016-11-07,3.554,0.00
1450,2016-11-04,3.554,0.17
1451,2016-11-03,3.548,1.69
1452,2016-11-02,3.489,0.00
1453,2016-11-01,3.489,5.15
1454,2016-10-31,3.318,-1.25
1455,2016-10-28,3.360,0.00
1456,2016-10-27,3.360,0.21
1457,2016-10-26,3.353,0.54
1458,2016-10-25,3.335,1.03
1459,2016-10-24,3.301,-0.15
1460,2016-10-21,3.306,-2.07
1461,2016-10-20,3.376,-0.53
1462,2016-10-19,3.394,-0.32
1463,2016-10-18,3.405,0.35
1464,2016-10-17,3.393,0.68
1465,2016-10-15,3.370,0.00
1466,2016-10-14,3.370,1.08
1467,2016-10-13,3.334,1.18
1468,2016-10-12,3.295,-0.60
1469,2016-10-11,3.315,-0.06
1470,2016-10-10,3.317,-0.09
1471,2016-10-07,3.320,0.48
1472,2016-10-06,3.304,-0.45
1473,2016-10-05,3.319,1.10
1474,2016-10-04,3.283,-0.88
1475,2016-10-03,3.312,1.28
1476,2016-09-30,3.270,-0.03
1477,2016-09-29,3.271,-1.36
1478,2016-09-28,3.316,-1.46
1479,2016-09-27,3.365,-2.89
1480,2016-09-26,3.465,-3.13
1481,2016-09-25,3.577,0.00
1482,2016-09-24,3.577,0.00
1483,2016-09-23,3.577,-1.70
1484,2016-09-22,3.639,-0.11
1485,2016-09-21,3.643,-1.17
1486,2016-09-20,3.686,-0.05
1487,2016-09-19,3.688,-0.94
1488,2016-09-17,3.723,0.00
1489,2016-09-16,3.723,-0.56
1490,2016-09-15,3.744,0.00
1491,2016-09-14,3.744,-0.77
1492,2016-09-13,3.773,-0.58
1493,2016-09-12,3.795,-0.18
1494,2016-09-09,3.802,-0.34
1495,2016-09-08,3.815,-1.04
1496,2016-09-07,3.855,-0.34
1497,2016-09-06,3.868,-1.38
1498,2016-09-05,3.922,-0.20
1499,2016-09-02,3.930,-0.05
1500,2016-09-01,3.932,3.31
1501,2016-08-31,3.806,-0.05
1502,2016-08-30,3.808,-0.18
1503,2016-08-29,3.815,0.98
1504,2016-08-26,3.778,-0.08
1505,2016-08-25,3.781,-1.00
1506,2016-08-24,3.819,-1.60
1507,2016-08-23,3.881,-4.34
1508,2016-08-22,4.057,0.00
1509,2016-08-19,4.057,-0.61
1510,2016-08-18,4.082,-0.56
1511,2016-08-17,4.105,-0.75
1512,2016-08-16,4.136,-0.65
1513,2016-08-15,4.163,-0.81
1514,2016-08-14,4.197,0.00
1515,2016-08-13,4.197,0.00
1516,2016-08-12,4.197,-0.66
1517,2016-08-11,4.225,0.00
1518,2016-08-10,4.225,-0.07
1519,2016-08-09,4.228,-0.02
1520,2016-08-08,4.229,-0.07
1521,2016-08-06,4.232,0.00
1522,2016-08-05,4.232,-0.05
1523,2016-08-04,4.234,-0.14
1524,2016-08-03,4.240,0.00
1525,2016-08-02,4.240,0.21
1526,2016-08-01,4.231,0.91
1527,2016-07-29,4.193,0.17
1528,2016-07-28,4.186,-0.31
1529,2016-07-27,4.199,0.12
1530,2016-07-26,4.194,-0.05
1531,2016-07-25,4.196,-0.36
1532,2016-07-22,4.211,-0.12
1533,2016-07-21,4.216,-0.02
1534,2016-07-20,4.217,-0.24
1535,2016-07-19,4.227,0.00
1536,2016-07-15,4.227,0.00
1537,2016-07-14,4.227,-0.61
1538,2016-07-13,4.253,-0.02
1539,2016-07-12,4.254,-0.70
1540,2016-07-11,4.284,-0.26
1541,2016-07-08,4.295,0.30
1542,2016-07-07,4.282,1.45
1543,2016-07-06,4.221,0.00
1544,2016-07-05,4.221,-0.02
1545,2016-07-04,4.222,-0.17
1546,2016-07-01,4.229,-0.87
1547,2016-06-30,4.266,-0.35
1548,2016-06-29,4.281,0.02
1549,2016-06-28,4.280,-0.02
1550,2016-06-27,4.281,0.87
1551,2016-06-24,4.244,0.62
1552,2016-06-23,4.218,0.14
1553,2016-06-22,4.212,0.05
1554,2016-06-21,4.210,-0.21
1555,2016-06-20,4.219,-0.80
1556,2016-06-17,4.253,-0.19
1557,2016-06-16,4.261,0.35
1558,2016-06-15,4.246,-0.21
1559,2016-06-14,4.255,0.14
1560,2016-06-13,4.249,-0.58
1561,2016-06-10,4.274,-0.54
1562,2016-06-09,4.297,-0.69
1563,2016-06-08,4.327,-2.55
1564,2016-06-07,4.440,0.00
1565,2016-06-06,4.440,0.18
1566,2016-06-03,4.432,2.71
1567,2016-06-02,4.315,0.21
1568,2016-06-01,4.306,-0.25
1569,2016-05-31,4.317,-0.96
1570,2016-05-30,4.359,-0.32
1571,2016-05-27,4.373,-0.09
1572,2016-05-26,4.377,-0.21
1573,2016-05-25,4.386,0.39
1574,2016-05-24,4.369,0.00
1575,2016-05-23,4.369,0.48
1576,2016-05-20,4.348,-4.25
1577,2016-05-19,4.541,-2.20
1578,2016-05-18,4.643,-0.85
1579,2016-05-17,4.683,-1.04
1580,2016-05-16,4.732,-1.21
1581,2016-05-13,4.790,-1.54
1582,2016-05-12,4.865,-0.06
1583,2016-05-11,4.868,-0.14
1584,2016-05-10,4.875,0.00
1585,2016-05-09,4.875,0.00
1586,2016-05-06,4.875,0.02
1587,2016-05-05,4.874,-0.04
1588,2016-05-04,4.876,0.37
1589,2016-05-03,4.858,0.00
1590,2016-05-02,4.858,-0.04
1591,2016-04-29,4.860,-0.12
1592,2016-04-28,4.866,-0.08
1593,2016-04-27,4.870,-0.14
1594,2016-04-26,4.877,0.00
1595,2016-04-25,4.877,0.08
1596,2016-04-22,4.873,0.35
1597,2016-04-21,4.856,0.04
1598,2016-04-20,4.854,0.00
1599,2016-04-19,4.854,-0.04
1600,2016-04-18,4.856,-0.04
1601,2016-04-15,4.858,-0.37
1602,2016-04-14,4.876,-0.20
1603,2016-04-13,4.886,0.00
1604,2016-04-12,4.886,-0.02
1605,2016-04-11,4.887,0.21
1606,2016-04-08,4.877,0.16
1607,2016-04-07,4.869,0.21
1608,2016-04-06,4.859,0.08
1609,2016-04-05,4.855,0.00
1610,2016-04-04,4.855,0.14
1611,2016-04-01,4.848,0.79
1612,2016-03-31,4.810,-0.25
1613,2016-03-30,4.822,0.00
1614,2016-03-29,4.822,0.12
1615,2016-03-28,4.816,0.02
1616,2016-03-25,4.815,0.15
1617,2016-03-24,4.808,-0.06
1618,2016-03-23,4.811,0.29
1619,2016-03-22,4.797,-0.66
1620,2016-03-21,4.829,-0.12
1621,2016-03-18,4.835,0.00
1622,2016-03-17,4.835,-0.74
1623,2016-03-16,4.871,0.00
1624,2016-03-15,4.871,-0.79
1625,2016-03-14,4.910,0.02
1626,2016-03-11,4.909,0.00
1627,2016-03-10,4.909,0.22
1628,2016-03-09,4.898,-0.39
1629,2016-03-08,4.917,0.12
1630,2016-03-07,4.911,1.34
1631,2016-03-04,4.846,0.00
1632,2016-03-03,4.846,0.00
1633,2016-03-02,4.846,0.23
1634,2016-03-01,4.835,0.48
1635,2016-02-29,4.812,0.08
1636,2016-02-26,4.808,0.10
1637,2016-02-25,4.803,-0.17
1638,2016-02-24,4.811,0.00
1639,2016-02-23,4.811,-0.29
1640,2016-02-22,4.825,-0.45
1641,2016-02-19,4.847,-1.80
1642,2016-02-18,4.936,-1.40
1643,2016-02-17,5.006,-2.15
1644,2016-02-16,5.116,0.00
1645,2016-02-15,5.116,-0.18
1646,2016-02-14,5.125,0.00
1647,2016-02-12,5.125,0.00
1648,2016-02-11,5.125,0.00
1649,2016-02-10,5.125,0.00
1650,2016-02-09,5.125,0.00
1651,2016-02-08,5.125,0.00
1652,2016-02-05,5.125,-0.19
1653,2016-02-04,5.135,1.12
1654,2016-02-03,5.078,0.00
1655,2016-02-02,5.078,0.10
1656,2016-02-01,5.073,2.18
1657,2016-01-29,4.965,0.04
1658,2016-01-28,4.963,-0.06
1659,2016-01-27,4.966,0.06
1660,2016-01-26,4.963,0.22
1661,2016-01-25,4.952,-0.32
1662,2016-01-22,4.968,-0.16
1663,2016-01-21,4.976,0.00
1664,2016-01-20,4.976,0.00
1665,2016-01-19,4.976,0.06
1666,2016-01-18,4.973,-0.10
1667,2016-01-15,4.978,-0.04
1668,2016-01-14,4.980,-0.06
1669,2016-01-13,4.983,-0.16
1670,2016-01-12,4.991,0.32
1671,2016-01-11,4.975,0.06
1672,2016-01-10,4.972,0.00
1673,2016-01-08,4.972,0.24
1674,2016-01-07,4.960,0.16
1675,2016-01-06,4.952,0.10
1676,2016-01-05,4.947,0.67
1677,2016-01-04,4.914,0.70
1678,2016-01-01,4.880,0.00
1679,2015-12-31,4.880,0.00
1680,2015-12-30,4.880,0.14
1681,2015-12-29,4.873,-0.04
1682,2015-12-28,4.875,-0.06
1683,2015-12-25,4.878,-0.20
1684,2015-12-24,4.888,0.10
1685,2015-12-23,4.883,0.78
1686,2015-12-22,4.845,-0.12
1687,2015-12-21,4.851,-0.04
1688,2015-12-18,4.853,-0.02
1689,2015-12-17,4.854,-0.29
1690,2015-12-16,4.868,-0.02
1691,2015-12-15,4.869,-0.43
1692,2015-12-14,4.890,0.45
1693,2015-12-11,4.868,-0.27
1694,2015-12-10,4.881,-0.12
1695,2015-12-09,4.887,0.10
1696,2015-12-08,4.882,0.35
1697,2015-12-07,4.865,0.48
1698,2015-12-04,4.842,0.00
1699,2015-12-03,4.842,-0.02
1700,2015-12-02,4.843,0.35
1701,2015-12-01,4.826,0.00
1702,2015-11-30,4.826,0.25
1703,2015-11-27,4.814,-0.02
1704,2015-11-26,4.815,0.06
1705,2015-11-25,4.812,0.25
1706,2015-11-24,4.800,-0.19
1707,2015-11-23,4.809,-0.04
1708,2015-11-22,4.811,0.00
1709,2015-11-20,4.811,-0.48
1710,2015-11-19,4.834,-0.04
1711,2015-11-18,4.836,-0.02
1712,2015-11-17,4.837,0.19
1713,2015-11-16,4.828,0.00
1714,2015-11-13,4.828,-0.37
1715,2015-11-12,4.846,-0.55
1716,2015-11-11,4.873,0.16
1717,2015-11-10,4.865,0.45
1718,2015-11-09,4.843,0.60
1719,2015-11-06,4.814,-1.01
1720,2015-11-05,4.863,-0.96
1721,2015-11-04,4.910,-0.12
1722,2015-11-03,4.916,-0.24
1723,2015-11-02,4.928,-0.06
1724,2015-10-30,4.931,-0.46
1725,2015-10-29,4.954,-0.64
1726,2015-10-28,4.986,-0.42
1727,2015-10-27,5.007,-0.04
1728,2015-10-26,5.009,0.08
1729,2015-10-23,5.005,0.32
1730,2015-10-22,4.989,-0.06
1731,2015-10-21,4.992,0.00
1732,2015-10-20,4.992,-0.42
1733,2015-10-19,5.013,-0.08
1734,2015-10-18,5.017,0.00
1735,2015-10-16,5.017,0.95
1736,2015-10-15,4.970,1.70
1737,2015-10-14,4.887,0.00
1738,2015-10-13,4.887,0.27
1739,2015-10-12,4.874,-0.08
1740,2015-10-09,4.878,0.10
1741,2015-10-08,4.873,-0.33
1742,2015-10-07,4.889,-1.01
1743,2015-10-06,4.939,-2.00
1744,2015-10-05,5.040,-0.16
1745,2015-10-03,5.048,0.00
1746,2015-10-02,5.048,-0.02
1747,2015-10-01,5.049,0.04
1748,2015-09-30,5.047,-0.28
1749,2015-09-29,5.061,-0.12
1750,2015-09-28,5.067,0.00
1751,2015-09-27,5.067,0.00
1752,2015-09-25,5.067,-0.06
1753,2015-09-24,5.070,0.00
1754,2015-09-23,5.070,0.00
1755,2015-09-22,5.070,0.00
1756,2015-09-21,5.070,-0.06
1757,2015-09-18,5.073,-0.06
1758,2015-09-17,5.076,0.00
1759,2015-09-16,5.076,0.02
1760,2015-09-15,5.075,0.12
1761,2015-09-14,5.069,0.12
1762,2015-09-11,5.063,-0.96
1763,2015-09-10,5.112,0.00
1764,2015-09-09,5.112,-0.43
1765,2015-09-08,5.134,-0.18
1766,2015-09-07,5.143,-0.27
1767,2015-09-04,5.157,0.04
1768,2015-09-03,5.155,0.10
1769,2015-09-02,5.150,-0.02
1770,2015-09-01,5.151,2.04
1771,2015-08-31,5.048,0.28
1772,2015-08-28,5.034,-0.77
1773,2015-08-27,5.073,-1.23
1774,2015-08-26,5.136,0.43
1775,2015-08-25,5.114,0.14
1776,2015-08-24,5.107,0.39
1777,2015-08-21,5.087,-0.08
1778,2015-08-20,5.091,0.12
1779,2015-08-19,5.085,0.69
1780,2015-08-18,5.050,-0.04
1781,2015-08-17,5.052,0.48
1782,2015-08-14,5.028,0.70
1783,2015-08-13,4.993,-0.02
1784,2015-08-12,4.994,1.75
1785,2015-08-11,4.908,0.04
1786,2015-08-10,4.906,-0.06
1787,2015-08-07,4.909,-0.12
1788,2015-08-06,4.915,0.14
1789,2015-08-05,4.908,-0.41
1790,2015-08-04,4.928,-1.06
1791,2015-08-03,4.981,2.09
1792,2015-07-31,4.879,0.00
1793,2015-07-30,4.879,0.60
1794,2015-07-29,4.850,0.23
1795,2015-07-28,4.839,1.28
1796,2015-07-27,4.778,0.00
1797,2015-07-24,4.778,0.29
1798,2015-07-23,4.764,-1.59
1799,2015-07-22,4.841,0.00
1800,2015-07-21,4.841,-0.16
1801,2015-07-20,4.849,-0.51
1802,2015-07-18,4.874,0.00
1803,2015-07-17,4.874,0.00
1804,2015-07-16,4.874,-0.23
1805,2015-07-15,4.885,-0.22
1806,2015-07-14,4.896,-0.02
1807,2015-07-13,4.897,0.25
1808,2015-07-10,4.885,0.29
1809,2015-07-09,4.871,0.08
1810,2015-07-08,4.867,-0.35
1811,2015-07-07,4.884,-0.35
1812,2015-07-06,4.901,-0.93
1813,2015-07-03,4.947,-0.32
1814,2015-07-02,4.963,0.14
1815,2015-07-01,4.956,0.00
1816,2015-06-30,4.956,0.00
1817,2015-06-29,4.956,-0.18
1818,2015-06-26,4.965,-0.12
1819,2015-06-25,4.971,-0.24
1820,2015-06-24,4.983,-0.52
1821,2015-06-23,5.009,-0.50
1822,2015-06-22,5.034,-0.36
1823,2015-06-19,5.052,0.00
1824,2015-06-18,5.052,-0.84
1825,2015-06-17,5.095,0.10
1826,2015-06-16,5.090,-0.16
1827,2015-06-15,5.098,1.15
1828,2015-06-12,5.040,0.14
1829,2015-06-11,5.033,-0.02
1830,2015-06-10,5.034,2.07
1831,2015-06-09,4.932,0.00
1832,2015-06-08,4.932,-0.06
1833,2015-06-07,4.935,0.00
1834,2015-06-05,4.935,0.49
1835,2015-06-04,4.911,1.03
1836,2015-06-03,4.861,0.06
1837,2015-06-02,4.858,0.23
1838,2015-06-01,4.847,1.04
1839,2015-05-30,4.797,0.00
1840,2015-05-29,4.797,-0.04
1841,2015-05-28,4.799,0.00
1842,2015-05-27,4.799,0.00
1843,2015-05-26,4.799,-0.99
1844,2015-05-25,4.847,-0.78
1845,2015-05-22,4.885,-0.02
1846,2015-05-21,4.886,-1.97
1847,2015-05-20,4.984,-1.66
1848,2015-05-19,5.068,0.00
1849,2015-05-18,5.068,-0.06
1850,2015-05-15,5.071,0.00
1851,2015-05-14,5.071,0.00
1852,2015-05-13,5.071,0.16
1853,2015-05-12,5.063,-0.10
1854,2015-05-11,5.068,0.02
1855,2015-05-08,5.067,-1.69
1856,2015-05-07,5.154,2.40
1857,2015-05-06,5.033,-0.02
1858,2015-05-05,5.034,0.02
1859,2015-05-04,5.033,0.18
1860,2015-05-01,5.024,0.00
1861,2015-04-30,5.024,0.00
1862,2015-04-29,5.024,0.00
1863,2015-04-28,5.024,0.00
1864,2015-04-27,5.024,-3.27
1865,2015-04-24,5.194,0.00
1866,2015-04-23,5.194,0.00
1867,2015-04-22,5.194,-0.04
1868,2015-04-21,5.196,1.31
1869,2015-04-20,5.129,0.55
1870,2015-04-17,5.101,0.71
1871,2015-04-16,5.065,0.92
1872,2015-04-15,5.019,2.93
1873,2015-04-14,4.876,1.02
1874,2015-04-13,4.827,0.63
1875,2015-04-10,4.797,0.29
1876,2015-04-09,4.783,0.76
1877,2015-04-08,4.747,0.34
1878,2015-04-07,4.731,0.17
1879,2015-04-06,4.723,0.28
1880,2015-04-03,4.710,-0.02
1881,2015-04-02,4.711,0.00
1882,2015-04-01,4.711,0.40
1883,2015-03-31,4.692,0.23
1884,2015-03-30,4.681,0.00
1885,2015-03-27,4.681,0.17
1886,2015-03-26,4.673,-0.21
1887,2015-03-25,4.683,1.34
1888,2015-03-24,4.621,2.44
1889,2015-03-23,4.511,0.47
1890,2015-03-20,4.490,0.20
1891,2015-03-19,4.481,-0.04
1892,2015-03-18,4.483,0.49
1893,2015-03-17,4.461,0.68
1894,2015-03-16,4.431,0.16
1895,2015-03-13,4.424,0.29
1896,2015-03-12,4.411,0.07
1897,2015-03-11,4.408,0.14
1898,2015-03-10,4.402,0.32
1899,2015-03-09,4.388,-0.11
1900,2015-03-06,4.393,0.27
1901,2015-03-05,4.381,-0.50
1902,2015-03-04,4.403,-0.29
1903,2015-03-03,4.416,-0.11
1904,2015-03-02,4.421,0.75
1905,2015-02-27,4.388,-0.81
1906,2015-02-26,4.424,-1.14
1907,2015-02-25,4.475,-0.02
1908,2015-02-24,4.476,-0.04
1909,2015-02-23,4.478,0.00
1910,2015-02-20,4.478,0.00
1911,2015-02-19,4.478,0.00
1912,2015-02-18,4.478,0.00
1913,2015-02-17,4.478,0.00
1914,2015-02-16,4.478,0.00
1915,2015-02-13,4.478,-0.51
1916,2015-02-12,4.501,0.11
1917,2015-02-11,4.496,0.25
1918,2015-02-10,4.485,-0.07
1919,2015-02-09,4.488,0.07
1920,2015-02-06,4.485,0.04
1921,2015-02-05,4.483,-0.02
1922,2015-02-04,4.484,0.00
1923,2015-02-03,4.484,0.27
1924,2015-02-02,4.472,0.90
1925,2015-02-01,4.432,0.00
1926,2015-01-30,4.432,0.00
1927,2015-01-29,4.432,-0.25
1928,2015-01-28,4.443,0.09
1929,2015-01-27,4.439,-0.22
1930,2015-01-26,4.449,-0.13
1931,2015-01-23,4.455,0.04
1932,2015-01-22,4.453,0.09
1933,2015-01-21,4.449,0.07
1934,2015-01-20,4.446,0.29
1935,2015-01-19,4.433,0.09
1936,2015-01-16,4.429,0.20
1937,2015-01-15,4.420,-0.58
1938,2015-01-14,4.446,-1.11
1939,2015-01-13,4.496,-1.98
1940,2015-01-12,4.587,-0.95
1941,2015-01-09,4.631,-1.66
1942,2015-01-08,4.709,-0.23
1943,2015-01-07,4.720,0.17
1944,2015-01-06,4.712,0.32
1945,2015-01-05,4.697,0.51
1946,2015-01-02,4.673,0.00
1947,2015-01-01,4.673,0.00
1948,2014-12-31,4.673,0.00
1949,2014-12-30,4.673,0.04
1950,2014-12-29,4.671,-0.81
1951,2014-12-28,4.709,0.00
1952,2014-12-26,4.709,0.00
1953,2014-12-25,4.709,-0.34
1954,2014-12-24,4.725,-0.11
1955,2014-12-23,4.730,-0.08
1956,2014-12-22,4.734,0.00
1957,2014-12-19,4.734,-0.75
1958,2014-12-18,4.770,1.53
1959,2014-12-17,4.698,-0.11
1960,2014-12-16,4.703,-0.15
1961,2014-12-15,4.710,0.09
1962,2014-12-14,4.706,0.00
1963,2014-12-12,4.706,0.60
1964,2014-12-11,4.678,0.32
1965,2014-12-10,4.663,1.50
1966,2014-12-09,4.594,0.31
1967,2014-12-08,4.580,0.24
1968,2014-12-05,4.569,1.62
1969,2014-12-04,4.496,1.06
1970,2014-12-03,4.449,0.00
1971,2014-12-02,4.449,3.25
1972,2014-12-01,4.309,1.41
1973,2014-11-30,4.249,0.00
1974,2014-11-28,4.249,-0.35
1975,2014-11-27,4.264,0.49
1976,2014-11-26,4.243,0.40
1977,2014-11-25,4.226,-0.05
1978,2014-11-24,4.228,3.96
1979,2014-11-21,4.067,-0.64
1980,2014-11-20,4.093,-0.05
1981,2014-11-19,4.095,1.49
1982,2014-11-18,4.035,0.72
1983,2014-11-17,4.006,0.93
1984,2014-11-16,3.969,0.00
1985,2014-11-14,3.969,1.93
1986,2014-11-13,3.894,3.92
1987,2014-11-12,3.747,-1.37
1988,2014-11-11,3.799,1.12
1989,2014-11-10,3.757,-0.79
1990,2014-11-07,3.787,0.00
1991,2014-11-06,3.787,0.99
1992,2014-11-05,3.750,0.00
1993,2014-11-04,3.750,0.32
1994,2014-11-03,3.738,-0.98
1995,2014-10-31,3.775,1.10
1996,2014-10-30,3.734,0.16
1997,2014-10-29,3.728,-0.67
1998,2014-10-28,3.753,-0.05
1999,2014-10-27,3.755,0.91
2000,2014-10-24,3.721,0.16
2001,2014-10-23,3.715,-0.56
2002,2014-10-22,3.736,-0.35
2003,2014-10-21,3.749,-0.69
2004,2014-10-20,3.775,-0.11
2005,2014-10-17,3.779,1.29
2006,2014-10-16,3.731,1.06
2007,2014-10-15,3.692,-1.02
2008,2014-10-14,3.730,-1.24
2009,2014-10-13,3.777,-0.58
2010,2014-10-10,3.799,-2.09
2011,2014-10-09,3.880,-0.67
2012,2014-10-08,3.906,-2.28
2013,2014-10-07,3.997,-0.55
2014,2014-10-06,4.019,-4.90
2015,2014-10-03,4.226,-1.28
2016,2014-10-02,4.281,-0.21
2017,2014-10-01,4.290,3.15
2018,2014-09-30,4.159,-0.17
2019,2014-09-29,4.166,-0.19
2020,2014-09-27,4.174,0.00
2021,2014-09-26,4.174,0.17
2022,2014-09-25,4.167,-0.10
2023,2014-09-24,4.171,-2.23
2024,2014-09-23,4.266,0.00
2025,2014-09-22,4.266,0.49
2026,2014-09-19,4.245,0.35
2027,2014-09-18,4.230,-0.42
2028,2014-09-17,4.248,0.35
2029,2014-09-16,4.233,0.38
2030,2014-09-15,4.217,-0.50
2031,2014-09-13,4.238,0.00
2032,2014-09-12,4.238,-3.73
2033,2014-09-11,4.402,-1.10
2034,2014-09-10,4.451,-0.25
2035,2014-09-09,4.462,-0.58
2036,2014-09-08,4.488,-1.34
2037,2014-09-05,4.549,1.04
2038,2014-09-04,4.502,-0.99
2039,2014-09-03,4.547,0.09
2040,2014-09-02,4.543,0.00
2041,2014-09-01,4.543,-0.09
2042,2014-08-31,4.547,0.00
2043,2014-08-29,4.547,0.93
2044,2014-08-28,4.505,-0.73
2045,2014-08-27,4.538,0.67
2046,2014-08-26,4.508,-0.64
2047,2014-08-25,4.537,-0.33
2048,2014-08-22,4.552,0.98
2049,2014-08-21,4.508,-0.02
2050,2014-08-20,4.509,-0.33
2051,2014-08-19,4.524,-0.62
2052,2014-08-18,4.552,-0.78
2053,2014-08-15,4.588,0.61
2054,2014-08-14,4.560,-1.02
2055,2014-08-13,4.607,1.19
2056,2014-08-12,4.553,1.13
2057,2014-08-11,4.502,0.20
2058,2014-08-10,4.493,0.00
2059,2014-08-08,4.493,-0.22
2060,2014-08-07,4.503,0.09
2061,2014-08-06,4.499,-0.09
2062,2014-08-05,4.503,-0.81
2063,2014-08-04,4.540,-1.28
2064,2014-08-02,4.599,0.00
2065,2014-08-01,4.599,-0.56
2066,2014-07-31,4.625,-0.60
2067,2014-07-30,4.653,-0.56
2068,2014-07-29,4.679,-0.85
2069,2014-07-28,4.719,0.00
2070,2014-07-27,4.719,0.00
2071,2014-07-25,4.719,-1.01
2072,2014-07-24,4.767,0.00
2073,2014-07-23,4.767,0.11
2074,2014-07-22,4.762,0.00
2075,2014-07-21,4.762,-0.36
2076,2014-07-20,4.779,0.00
2077,2014-07-18,4.779,-0.02
2078,2014-07-17,4.780,-0.66
2079,2014-07-16,4.812,-0.25
2080,2014-07-15,4.824,-0.60
2081,2014-07-14,4.853,-0.59
2082,2014-07-12,4.882,0.00
2083,2014-07-11,4.882,0.66
2084,2014-07-10,4.850,-0.57
2085,2014-07-09,4.878,0.00
2086,2014-07-08,4.878,-0.57
2087,2014-07-07,4.906,-0.77
2088,2014-07-04,4.944,-0.68
2089,2014-07-03,4.978,0.44
2090,2014-07-02,4.956,-0.34
2091,2014-07-01,4.973,0.30
2092,2014-06-30,4.958,0.24
2093,2014-06-27,4.946,0.00
2094,2014-06-26,4.946,-0.64
2095,2014-06-25,4.978,1.20
2096,2014-06-24,4.919,-0.04
2097,2014-06-23,4.921,-0.67
2098,2014-06-20,4.954,-0.12
2099,2014-06-19,4.960,-0.48
2100,2014-06-18,4.984,0.89
2101,2014-06-17,4.940,-0.46
2102,2014-06-16,4.963,-0.40
2103,2014-06-13,4.983,-1.07
2104,2014-06-12,5.037,0.40
2105,2014-06-11,5.017,-0.06
2106,2014-06-10,5.020,-0.06
2107,2014-06-09,5.023,-0.34
2108,2014-06-06,5.040,0.00
2109,2014-06-05,5.040,-1.16
2110,2014-06-04,5.099,-0.47
2111,2014-06-03,5.123,0.49
2112,2014-06-02,5.098,-0.20
2113,2014-05-30,5.108,-0.62
2114,2014-05-29,5.140,0.82
2115,2014-05-28,5.098,-0.31
2116,2014-05-27,5.114,0.29
2117,2014-05-26,5.099,0.16
2118,2014-05-25,5.091,0.00
2119,2014-05-23,5.091,0.99
2120,2014-05-22,5.041,-0.49
2121,2014-05-21,5.066,0.72
2122,2014-05-20,5.030,-0.18
2123,2014-05-19,5.039,-0.32
2124,2014-05-16,5.055,1.00
2125,2014-05-15,5.005,1.21
2126,2014-05-14,4.945,0.34
2127,2014-05-13,4.928,0.28
2128,2014-05-12,4.914,-0.18
2129,2014-05-09,4.923,0.59
2130,2014-05-08,4.894,-0.16
2131,2014-05-07,4.902,0.00
2132,2014-05-06,4.902,0.20
2133,2014-05-05,4.892,2.82
2134,2014-05-02,4.758,-0.10
2135,2014-05-01,4.763,0.00
2136,2014-04-30,4.763,-0.04
2137,2014-04-29,4.765,-0.06
2138,2014-04-28,4.768,-0.58
2139,2014-04-25,4.796,-0.23
2140,2014-04-24,4.807,0.46
2141,2014-04-23,4.785,0.00
2142,2014-04-22,4.785,-1.08
2143,2014-04-21,4.837,-2.54
2144,2014-04-18,4.963,1.91
2145,2014-04-17,4.870,-0.73
2146,2014-04-16,4.906,0.80
2147,2014-04-15,4.867,0.00
2148,2014-04-14,4.867,0.81
2149,2014-04-11,4.828,-1.00
2150,2014-04-10,4.877,-0.10
2151,2014-04-09,4.882,0.00
2152,2014-04-08,4.882,-0.61
2153,2014-04-07,4.912,-0.37
2154,2014-04-04,4.930,0.65
2155,2014-04-03,4.898,0.16
2156,2014-04-02,4.890,0.33
2157,2014-04-01,4.874,0.54
2158,2014-03-31,4.848,-1.74
2159,2014-03-28,4.934,1.31
2160,2014-03-27,4.870,-0.92
2161,2014-03-26,4.915,0.22
2162,2014-03-25,4.904,-1.74
2163,2014-03-24,4.991,-1.05
2164,2014-03-21,5.044,0.08
2165,2014-03-20,5.040,-6.15
2166,2014-03-19,5.370,0.00
2167,2014-03-18,5.370,0.00
2168,2014-03-17,5.370,-0.11
2169,2014-03-14,5.376,-3.24
2170,2014-03-13,5.556,-1.02
2171,2014-03-12,5.613,0.45
2172,2014-03-11,5.588,-0.64
2173,2014-03-10,5.624,-1.25
2174,2014-03-09,5.695,0.00
2175,2014-03-07,5.695,-0.92
2176,2014-03-06,5.748,0.72
2177,2014-03-05,5.707,-1.47
2178,2014-03-04,5.792,-0.10
2179,2014-03-03,5.798,-0.77
2180,2014-02-28,5.843,0.55
2181,2014-02-27,5.811,-0.48
2182,2014-02-26,5.839,0.71
2183,2014-02-25,5.798,-0.53
2184,2014-02-24,5.829,-0.14
2185,2014-02-21,5.837,-2.06
2186,2014-02-20,5.960,1.71
2187,2014-02-19,5.860,-1.00
2188,2014-02-18,5.919,-0.60
2189,2014-02-17,5.955,-1.67
2190,2014-02-14,6.056,-0.35
2191,2014-02-13,6.077,-0.49
2192,2014-02-12,6.107,0.08
2193,2014-02-11,6.102,-0.80
2194,2014-02-10,6.151,-0.36
2195,2014-02-07,6.173,-0.03
2196,2014-02-06,6.175,-1.09
2197,2014-02-05,6.243,0.00
2198,2014-02-04,6.243,0.00
2199,2014-02-03,6.243,0.00
2200,2014-01-31,6.243,0.00
2201,2014-01-30,6.243,0.00
2202,2014-01-29,6.243,0.00
2203,2014-01-28,6.243,0.00
2204,2014-01-27,6.243,0.32
2205,2014-01-24,6.223,0.16
2206,2014-01-23,6.213,-0.35
2207,2014-01-22,6.235,0.43
2208,2014-01-21,6.208,-1.27
2209,2014-01-20,6.288,-0.25
2210,2014-01-17,6.304,0.17
2211,2014-01-16,6.293,0.10
2212,2014-01-15,6.287,-1.63
2213,2014-01-14,6.391,-1.01
2214,2014-01-13,6.456,-0.06
2215,2014-01-10,6.460,-0.19
2216,2014-01-09,6.472,-0.49
2217,2014-01-08,6.504,0.08
2218,2014-01-07,6.499,-0.96
2219,2014-01-06,6.562,0.12
2220,2014-01-03,6.554,-0.17
2221,2014-01-02,6.565,0.18
2222,2014-01-01,6.553,-0.33
2223,2013-12-31,6.575,0.00
2224,2013-12-30,6.575,0.14
2225,2013-12-27,6.566,0.00
2226,2013-12-26,6.566,-2.44
2227,2013-12-25,6.730,0.78
2228,2013-12-24,6.678,1.66
2229,2013-12-23,6.569,-0.86
2230,2013-12-20,6.626,-0.15
2231,2013-12-19,6.636,-0.15
2232,2013-12-18,6.646,-0.89
2233,2013-12-17,6.706,0.33
2234,2013-12-16,6.684,0.78
2235,2013-12-13,6.632,-2.27
2236,2013-12-12,6.786,0.53
2237,2013-12-11,6.750,-0.09
2238,2013-12-10,6.756,0.21
2239,2013-12-09,6.742,-0.16
2240,2013-12-06,6.753,-0.78
2241,2013-12-05,6.806,-0.01
2242,2013-12-04,6.807,0.09
2243,2013-12-03,6.801,-0.41
2244,2013-12-02,6.829,-0.18
2245,2013-11-29,6.841,-0.16
2246,2013-11-28,6.852,0.23
2247,2013-11-27,6.836,0.01
2248,2013-11-26,6.835,0.00
2249,2013-11-25,6.835,-0.54
2250,2013-11-22,6.872,-0.45
2251,2013-11-21,6.903,-0.01
2252,2013-11-20,6.904,0.04
2253,2013-11-19,6.901,-0.10
2254,2013-11-18,6.908,-0.13
2255,2013-11-17,6.917,0.00
2256,2013-11-15,6.917,1.07
2257,2013-11-14,6.844,-0.26
2258,2013-11-13,6.862,-0.07
2259,2013-11-12,6.867,0.60
2260,2013-11-11,6.826,0.28
2261,2013-11-08,6.807,-0.03
2262,2013-11-07,6.809,0.93
2263,2013-11-06,6.746,-0.74
2264,2013-11-05,6.796,-0.25
2265,2013-11-04,6.813,0.04
2266,2013-11-03,6.810,0.00
2267,2013-11-01,6.810,2.62
2268,2013-10-31,6.636,0.27
2269,2013-10-30,6.618,0.98
2270,2013-10-29,6.554,-1.22
2271,2013-10-28,6.635,0.88
2272,2013-10-27,6.577,0.00
2273,2013-10-25,6.577,-1.16
2274,2013-10-24,6.654,0.76
2275,2013-10-23,6.604,-0.48
2276,2013-10-22,6.636,0.68
2277,2013-10-21,6.591,-1.36
2278,2013-10-18,6.682,-0.03
2279,2013-10-17,6.684,-0.13
2280,2013-10-16,6.693,0.97
2281,2013-10-15,6.629,-1.09
2282,2013-10-14,6.702,-0.28
2283,2013-10-11,6.721,0.31
2284,2013-10-10,6.700,-1.38
2285,2013-10-09,6.794,1.13
2286,2013-10-08,6.718,-2.34
2287,2013-10-07,6.879,0.47
2288,2013-10-04,6.847,-0.48
2289,2013-10-03,6.880,0.70
2290,2013-10-02,6.832,-0.63
2291,2013-10-01,6.875,-0.89
2292,2013-09-30,6.937,-0.98
2293,2013-09-29,7.006,0.00
2294,2013-09-27,7.006,-0.28
2295,2013-09-26,7.026,0.00
2296,2013-09-25,7.026,0.96
2297,2013-09-24,6.959,-0.76
2298,2013-09-23,7.012,0.42
2299,2013-09-22,6.983,0.00
2300,2013-09-20,6.983,-0.16
2301,2013-09-19,6.994,-2.24
2302,2013-09-18,7.154,1.00
2303,2013-09-17,7.083,-0.20
2304,2013-09-16,7.097,0.35
2305,2013-09-15,7.072,0.00
2306,2013-09-13,7.072,-0.97
2307,2013-09-12,7.141,0.69
2308,2013-09-11,7.092,-0.10
2309,2013-09-10,7.099,0.82
2310,2013-09-09,7.041,0.21
2311,2013-09-08,7.026,0.00
2312,2013-09-07,7.026,0.00
2313,2013-09-06,7.026,0.90
2314,2013-09-05,6.963,-1.02
2315,2013-09-04,7.035,6.77
2316,2013-09-03,6.589,0.00
2317,2013-09-02,6.589,0.00
2318,2013-09-01,6.589,0.00
2319,2013-08-30,6.589,2.58
2320,2013-08-29,6.423,-0.89
2321,2013-08-28,6.481,-2.19
2322,2013-08-27,6.626,3.40
2323,2013-08-26,6.408,0.91
2324,2013-08-23,6.350,1.50
2325,2013-08-22,6.256,-1.54
2326,2013-08-21,6.354,2.12
2327,2013-08-20,6.222,0.21
2328,2013-08-19,6.209,0.86
2329,2013-08-16,6.156,-1.83
2330,2013-08-15,6.271,0.43
2331,2013-08-14,6.244,-1.44
2332,2013-08-13,6.335,1.21
2333,2013-08-12,6.259,0.14
2334,2013-08-11,6.250,0.00
2335,2013-08-10,6.250,0.00
2336,2013-08-09,6.250,0.66
2337,2013-08-08,6.209,-1.19
2338,2013-08-07,6.284,0.00
2339,2013-08-06,6.284,-0.22
2340,2013-08-05,6.298,0.86
2341,2013-08-02,6.244,-1.79
2342,2013-08-01,6.358,-0.02
2343,2013-07-31,6.359,0.20
2344,2013-07-30,6.346,1.26
2345,2013-07-29,6.267,-0.27
2346,2013-07-26,6.284,0.80
2347,2013-07-25,6.234,-0.80
2348,2013-07-24,6.284,0.67
2349,2013-07-23,6.242,0.53
2350,2013-07-22,6.209,-0.80
2351,2013-07-19,6.259,1.43
2352,2013-07-18,6.171,-0.64
2353,2013-07-17,6.211,-1.35
2354,2013-07-16,6.296,1.70
2355,2013-07-15,6.191,1.78
2356,2013-07-12,6.083,-0.83
2357,2013-07-11,6.134,0.10
2358,2013-07-10,6.128,0.33
2359,2013-07-09,6.108,1.77
2360,2013-07-08,6.002,-3.27
2361,2013-07-05,6.205,4.06
2362,2013-07-04,5.963,-1.75
2363,2013-07-03,6.069,1.76
2364,2013-07-02,5.964,-0.23
2365,2013-07-01,5.978,-0.81
2366,2013-06-28,6.027,-0.95
2367,2013-06-27,6.085,-0.41
2368,2013-06-26,6.110,-2.30
2369,2013-06-25,6.254,1.56
2370,2013-06-24,6.158,0.75
2371,2013-06-23,6.112,0.00
2372,2013-06-21,6.112,2.72
2373,2013-06-20,5.950,0.24
2374,2013-06-19,5.936,-0.15
2375,2013-06-18,5.945,-0.10
2376,2013-06-17,5.951,1.52
2377,2013-06-16,5.862,0.00
2378,2013-06-14,5.862,-0.76
2379,2013-06-13,5.907,2.53
2380,2013-06-12,5.761,0.35
2381,2013-06-11,5.741,0.31
2382,2013-06-10,5.723,-0.73
2383,2013-06-08,5.765,0.00
2384,2013-06-07,5.765,1.00
2385,2013-06-06,5.708,0.21
2386,2013-06-05,5.696,-2.73
2387,2013-06-04,5.856,-1.84
2388,2013-06-03,5.966,-1.87
2389,2013-05-31,6.080,-1.33
2390,2013-05-30,6.162,0.33
2391,2013-05-29,6.142,0.00
2392,2013-05-28,6.142,-1.32
2393,2013-05-27,6.224,0.00
2394,2013-05-25,6.224,0.00
2395,2013-05-24,6.224,0.00
2396,2013-05-23,6.224,-1.10
2397,2013-05-22,6.293,-1.16
2398,2013-05-21,6.367,-2.47
2399,2013-05-20,6.528,-1.72
2400,2013-05-17,6.642,0.17
2401,2013-05-16,6.631,-1.34
2402,2013-05-15,6.721,0.99
2403,2013-05-14,6.655,-2.89
2404,2013-05-13,6.853,0.12
2405,2013-05-10,6.845,-1.28
2406,2013-05-09,6.934,0.64
2407,2013-05-08,6.890,-0.10
2408,2013-05-07,6.897,0.00
2409,2013-05-06,6.897,-0.82
2410,2013-05-03,6.954,0.51
2411,2013-05-02,6.919,-0.35
2412,2013-05-01,6.943,0.00
2413,2013-04-30,6.943,0.00
2414,2013-04-29,6.943,0.17
2415,2013-04-26,6.931,-0.77
2416,2013-04-25,6.985,0.16
2417,2013-04-24,6.974,-0.21
2418,2013-04-23,6.989,-0.11
2419,2013-04-22,6.997,-0.34
2420,2013-04-19,7.021,0.04
2421,2013-04-18,7.018,1.04
2422,2013-04-17,6.946,-1.14
2423,2013-04-16,7.026,0.52
2424,2013-04-15,6.990,-1.63
2425,2013-04-12,7.106,-0.50
2426,2013-04-11,7.142,0.29
2427,2013-04-10,7.121,0.25
2428,2013-04-09,7.103,-0.01
2429,2013-04-08,7.104,0.18
2430,2013-04-05,7.091,-0.37
2431,2013-04-04,7.117,0.92
2432,2013-04-03,7.052,0.24
2433,2013-04-02,7.035,-3.26
2434,2013-04-01,7.272,2.18
2435,2013-03-29,7.117,-1.14
2436,2013-03-28,7.199,-0.07
2437,2013-03-27,7.204,0.00
2438,2013-03-26,7.204,-3.04
2439,2013-03-25,7.430,1.30
2440,2013-03-22,7.335,-0.31
2441,2013-03-21,7.358,-4.33
2442,2013-03-20,7.691,3.30
2443,2013-03-19,7.445,-2.46
2444,2013-03-18,7.633,-1.17
2445,2013-03-17,7.723,0.00
2446,2013-03-15,7.723,0.69
2447,2013-03-14,7.670,-1.02
2448,2013-03-13,7.749,1.20
2449,2013-03-12,7.657,-1.05
2450,2013-03-11,7.738,1.34
2451,2013-03-08,7.636,-1.24
2452,2013-03-07,7.732,0.77
2453,2013-03-06,7.673,-1.69
2454,2013-03-05,7.805,0.09
2455,2013-03-04,7.798,-1.09
2456,2013-03-01,7.884,-0.14
2457,2013-02-28,7.895,0.00
2458,2013-02-27,7.895,-0.68
2459,2013-02-26,7.949,-0.04
2460,2013-02-25,7.952,1.17
2461,2013-02-22,7.860,-1.14
2462,2013-02-21,7.951,0.08
2463,2013-02-20,7.945,0.84
2464,2013-02-19,7.879,0.00
2465,2013-02-18,7.879,-1.01
2466,2013-02-17,7.959,0.00
2467,2013-02-15,7.959,0.00
2468,2013-02-14,7.959,0.00
2469,2013-02-13,7.959,0.00
2470,2013-02-12,7.959,-0.52
2471,2013-02-11,8.001,0.00
2472,2013-02-09,8.001,0.00
2473,2013-02-08,8.001,0.00
2474,2013-02-07,8.001,0.00
2475,2013-02-06,8.001,0.00
2476,2013-02-05,8.001,0.00
2477,2013-02-04,8.001,1.11
2478,2013-02-01,7.913,0.00
2479,2013-01-31,7.913,0.01
2480,2013-01-30,7.912,2.58
2481,2013-01-29,7.713,1.29
2482,2013-01-28,7.615,0.14
2483,2013-01-25,7.604,-0.85
2484,2013-01-24,7.669,1.16
2485,2013-01-23,7.581,-0.71
2486,2013-01-22,7.635,-1.42
2487,2013-01-21,7.745,0.00
2488,2013-01-18,7.745,0.58
2489,2013-01-17,7.700,-1.42
2490,2013-01-16,7.811,-3.16
2491,2013-01-15,8.066,0.00
2492,2013-01-14,8.066,-1.90
2493,2013-01-13,8.222,0.00
2494,2013-01-11,8.222,-0.29
2495,2013-01-10,8.246,-1.33
2496,2013-01-09,8.357,0.14
2497,2013-01-08,8.345,-1.31
2498,2013-01-07,8.456,-0.91
2499,2013-01-04,8.534,0.08
2500,2013-01-03,8.527,-0.21
2501,2013-01-02,8.545,-0.30
2502,2013-01-01,8.571,0.00
2503,2012-12-31,8.571,0.09
2504,2012-12-30,8.563,0.00
2505,2012-12-28,8.563,0.16
2506,2012-12-27,8.549,-0.21
2507,2012-12-26,8.567,-0.96
2508,2012-12-25,8.650,0.00
2509,2012-12-24,8.650,-0.59
2510,2012-12-23,8.701,0.00
2511,2012-12-22,8.701,0.00
2512,2012-12-21,8.701,0.37
2513,2012-12-20,8.669,0.17
2514,2012-12-19,8.654,-0.23
2515,2012-12-18,8.674,-0.02
2516,2012-12-17,8.676,0.63
2517,2012-12-14,8.622,-0.45
2518,2012-12-13,8.661,0.14
2519,2012-12-12,8.649,-0.12
2520,2012-12-11,8.659,0.12
2521,2012-12-10,8.649,0.06
2522,2012-12-07,8.644,0.54
2523,2012-12-06,8.598,-0.58
2524,2012-12-05,8.648,-0.12
2525,2012-12-04,8.658,-0.33
2526,2012-12-03,8.687,-1.19
2527,2012-11-30,8.792,-0.02
2528,2012-11-29,8.794,0.00
2529,2012-11-28,8.794,0.00
2530,2012-11-27,8.794,0.17
2531,2012-11-26,8.779,0.24
2532,2012-11-23,8.758,-0.94
2533,2012-11-22,8.841,0.56
2534,2012-11-21,8.792,0.03
2535,2012-11-20,8.789,-0.11
2536,2012-11-19,8.799,-0.29
2537,2012-11-16,8.825,0.41
2538,2012-11-15,8.789,-0.48
2539,2012-11-14,8.831,-0.47
2540,2012-11-13,8.873,0.00
2541,2012-11-12,8.873,-0.26
2542,2012-11-09,8.896,-0.22
2543,2012-11-08,8.916,0.29
2544,2012-11-07,8.890,-0.80
2545,2012-11-06,8.962,-0.01
2546,2012-11-05,8.963,0.01
2547,2012-11-03,8.962,0.00
2548,2012-11-02,8.962,0.19
2549,2012-11-01,8.945,-1.21
2550,2012-10-31,9.055,-0.54
2551,2012-10-30,9.104,0.00
2552,2012-10-29,9.104,-0.08
2553,2012-10-26,9.111,0.00
2554,2012-10-25,9.111,-0.08
2555,2012-10-24,9.118,-0.05
2556,2012-10-23,9.123,-0.25
2557,2012-10-22,9.146,0.23
2558,2012-10-19,9.125,-0.04
2559,2012-10-18,9.129,-0.22
2560,2012-10-17,9.149,0.74
2561,2012-10-16,9.082,-0.11
2562,2012-10-15,9.092,-0.26
2563,2012-10-12,9.116,0.22
2564,2012-10-11,9.096,0.18
2565,2012-10-10,9.080,0.20
2566,2012-10-09,9.062,0.34
2567,2012-10-08,9.031,1.03
2568,2012-10-05,8.939,-0.09
2569,2012-10-04,8.947,-0.15
2570,2012-10-03,8.960,0.34
2571,2012-10-02,8.930,-0.10
2572,2012-10-01,8.939,0.24
2573,2012-09-28,8.918,0.35
2574,2012-09-27,8.887,-0.19
2575,2012-09-26,8.904,0.03
2576,2012-09-25,8.901,0.67
2577,2012-09-24,8.842,0.06
2578,2012-09-23,8.837,0.00
2579,2012-09-22,8.837,0.00
2580,2012-09-21,8.837,0.15
2581,2012-09-20,8.824,0.80
2582,2012-09-19,8.754,-0.15
2583,2012-09-18,8.767,-0.09
2584,2012-09-17,8.775,0.07
2585,2012-09-14,8.769,-0.07
2586,2012-09-13,8.775,0.07
2587,2012-09-12,8.769,-0.06
2588,2012-09-11,8.774,0.03
2589,2012-09-10,8.771,-0.17
2590,2012-09-07,8.786,-0.25
2591,2012-09-06,8.808,0.10
2592,2012-09-05,8.799,-0.60
2593,2012-09-04,8.852,1.78
2594,2012-09-03,8.697,0.00
2595,2012-08-31,8.697,-0.24
2596,2012-08-30,8.718,-0.05
2597,2012-08-29,8.722,0.59
2598,2012-08-28,8.671,-0.08
2599,2012-08-27,8.678,-0.06
2600,2012-08-24,8.683,1.09
2601,2012-08-23,8.589,0.00
2602,2012-08-22,8.589,1.00
2603,2012-08-21,8.504,-0.06
2604,2012-08-20,8.509,-0.32
2605,2012-08-17,8.536,-2.85
2606,2012-08-16,8.786,3.39
2607,2012-08-15,8.498,-0.06
2608,2012-08-14,8.503,-1.25
2609,2012-08-13,8.611,1.28
2610,2012-08-10,8.502,-2.11
2611,2012-08-09,8.685,1.63
2612,2012-08-08,8.546,-2.59
2613,2012-08-07,8.773,-0.65
2614,2012-08-06,8.830,3.07
2615,2012-08-03,8.567,-1.49
2616,2012-08-02,8.697,-0.70
2617,2012-08-01,8.758,-1.30
2618,2012-07-31,8.873,-0.90
2619,2012-07-30,8.954,0.11
2620,2012-07-27,8.944,-0.93
2621,2012-07-26,9.028,-1.06
2622,2012-07-25,9.125,0.42
2623,2012-07-24,9.087,-0.04
2624,2012-07-23,9.091,-0.24
2625,2012-07-20,9.113,-0.18
2626,2012-07-19,9.129,-0.34
2627,2012-07-18,9.160,-0.05
2628,2012-07-17,9.165,0.69
2629,2012-07-16,9.102,-0.95
2630,2012-07-13,9.189,0.26
2631,2012-07-12,9.165,0.59
2632,2012-07-11,9.111,-0.08
2633,2012-07-10,9.118,-0.64
2634,2012-07-09,9.177,0.80
2635,2012-07-06,9.104,-2.07
2636,2012-07-05,9.296,-0.74
2637,2012-07-04,9.365,-0.02
2638,2012-07-03,9.367,0.69
2639,2012-07-02,9.303,0.70
2640,2012-06-29,9.238,-1.97
2641,2012-06-28,9.424,0.54
2642,2012-06-27,9.373,1.58
2643,2012-06-26,9.227,2.34
2644,2012-06-25,9.016,3.00
2645,2012-06-22,8.753,1.12
2646,2012-06-21,8.656,0.55
2647,2012-06-20,8.609,-0.37
2648,2012-06-19,8.641,-0.36
2649,2012-06-18,8.672,1.58
2650,2012-06-15,8.537,-0.45
2651,2012-06-14,8.576,0.74
2652,2012-06-13,8.513,1.67
2653,2012-06-12,8.373,-0.48
2654,2012-06-11,8.413,0.00
2655,2012-06-08,8.413,-0.56
2656,2012-06-07,8.460,-0.01
2657,2012-06-06,8.461,-1.72
2658,2012-06-05,8.609,0.57
2659,2012-06-04,8.560,0.00
2660,2012-06-01,8.560,-0.87
2661,2012-05-31,8.635,-0.16
2662,2012-05-30,8.649,-0.45
2663,2012-05-29,8.688,0.91
2664,2012-05-28,8.610,-0.12
2665,2012-05-25,8.620,0.33
2666,2012-05-24,8.592,0.01
2667,2012-05-23,8.591,-1.51
2668,2012-05-22,8.723,-2.23
2669,2012-05-21,8.922,-0.47
2670,2012-05-18,8.964,0.01
2671,2012-05-17,8.963,-0.09
2672,2012-05-16,8.971,-2.00
2673,2012-05-15,9.154,-5.07
2674,2012-05-14,9.643,-0.06
2675,2012-05-11,9.649,-0.20
2676,2012-05-10,9.668,-2.80
2677,2012-05-09,9.946,-0.61
2678,2012-05-08,10.007,-1.18
2679,2012-05-07,10.127,-0.05
2680,2012-05-04,10.132,-6.75
2681,2012-05-03,10.865,0.49
2682,2012-05-02,10.812,1.29
2683,2012-04-27,10.674,-1.63
2684,2012-04-26,10.851,0.05
2685,2012-04-25,10.846,-1.31
2686,2012-04-24,10.990,-0.40
2687,2012-04-23,11.034,0.38
2688,2012-04-20,10.992,-0.17
2689,2012-04-19,11.011,-0.57
2690,2012-04-18,11.074,-0.58
2691,2012-04-17,11.139,-0.49
2692,2012-04-16,11.194,1.11
2693,2012-04-13,11.071,-1.82
2694,2012-04-12,11.276,0.12
2695,2012-04-11,11.263,-0.37
2696,2012-04-10,11.305,-0.19
2697,2012-04-09,11.326,0.00
2698,2012-04-06,11.326,0.04
2699,2012-04-05,11.321,-0.35
2700,2012-04-04,11.361,-0.24
2701,2012-04-03,11.388,-0.60
2702,2012-03-30,11.457,0.04
2703,2012-03-29,11.452,0.01
2704,2012-03-28,11.451,0.28
2705,2012-03-27,11.419,0.92
2706,2012-03-26,11.315,-0.52
2707,2012-03-23,11.374,-0.26
2708,2012-03-22,11.404,0.03
2709,2012-03-21,11.401,0.07
2710,2012-03-20,11.393,-0.78
2711,2012-03-19,11.483,0.40
2712,2012-03-16,11.437,0.11
2713,2012-03-15,11.425,0.09
2714,2012-03-14,11.415,-0.66
2715,2012-03-13,11.491,0.02
2716,2012-03-12,11.489,0.38
2717,2012-03-09,11.445,-0.45
2718,2012-03-08,11.497,0.02
2719,2012-03-07,11.495,-0.65
2720,2012-03-06,11.570,0.04
2721,2012-03-05,11.565,0.04
2722,2012-03-02,11.560,-1.26
2723,2012-03-01,11.707,-1.39
2724,2012-02-29,11.872,1.15
2725,2012-02-28,11.737,-1.42
2726,2012-02-27,11.906,-0.89
2727,2012-02-24,12.013,1.00
2728,2012-02-23,11.894,-1.02
2729,2012-02-22,12.016,-0.55
2730,2012-02-21,12.083,-0.15
2731,2012-02-20,12.101,-1.63
2732,2012-02-17,12.301,0.17
2733,2012-02-16,12.280,0.08
2734,2012-02-15,12.270,0.01
2735,2012-02-14,12.269,-1.50
2736,2012-02-13,12.456,-0.10
2737,2012-02-10,12.468,-0.69
2738,2012-02-09,12.555,0.02
2739,2012-02-08,12.552,-0.48
2740,2012-02-07,12.613,0.09
2741,2012-02-06,12.602,-3.43
2742,2012-02-03,13.049,0.27
2743,2012-02-02,13.014,0.09
2744,2012-02-01,13.002,0.09
2745,2012-01-31,12.990,0.08
2746,2012-01-30,12.979,0.33
2747,2012-01-20,12.936,0.57
2748,2012-01-19,12.863,0.08
2749,2012-01-18,12.853,0.09
2750,2012-01-17,12.842,0.07
2751,2012-01-16,12.833,0.08
2752,2012-01-13,12.823,0.23
2753,2012-01-12,12.793,0.08
2754,2012-01-11,12.783,0.08
2755,2012-01-10,12.773,0.08
2756,2012-01-09,12.763,0.07
2757,2012-01-06,12.754,0.22
2758,2012-01-05,12.726,0.08
2759,2012-01-04,12.716,-0.25
2760,2012-01-03,12.748,-1.94
2761,2011-12-30,13.000,2.38
2762,2011-12-29,12.698,0.08
2763,2011-12-28,12.688,-2.40
2764,2011-12-27,13.000,1.04
2765,2011-12-26,12.866,0.42
2766,2011-12-23,12.812,0.23
2767,2011-12-22,12.782,0.08
2768,2011-12-21,12.772,-1.75
2769,2011-12-20,13.000,0.00
2770,2011-12-19,13.000,0.00
2771,2011-12-16,13.000,0.00
2772,2011-12-15,13.000,0.00
2773,2011-12-14,13.000,0.00
2774,2011-12-12,13.000,0.00
2775,2011-12-09,13.000,0.00
2776,2011-12-08,13.000,0.00
2777,2011-12-06,13.000,0.00
2778,2011-12-05,13.000,0.00
2779,2011-12-01,13.000,2.37
2780,2011-11-30,12.699,-0.09
2781,2011-11-29,12.710,0.09
2782,2011-11-28,12.698,-1.54
2783,2011-11-25,12.896,0.28
2784,2011-11-24,12.860,0.11
2785,2011-11-23,12.846,0.09
2786,2011-11-22,12.834,2.54
2787,2011-11-21,12.516,-1.23
2788,2011-11-18,12.672,0.27
2789,2011-11-17,12.638,0.10
2790,2011-11-16,12.626,0.09
2791,2011-11-15,12.615,0.10
2792,2011-11-14,12.603,0.09
2793,2011-11-11,12.592,1.88
2794,2011-11-10,12.360,-1.75
2795,2011-11-09,12.580,-0.40
2796,2011-11-08,12.631,0.02
2797,2011-11-07,12.629,1.01
2798,2011-11-04,12.503,0.25
2799,2011-11-03,12.472,0.08
2800,2011-11-02,12.462,0.03
2801,2011-11-01,12.458,0.00
2802,2011-10-31,12.458,-2.22
2803,2011-10-28,12.741,0.72
2804,2011-10-27,12.650,-0.23
2805,2011-10-26,12.679,2.51
2806,2011-10-25,12.368,-0.59
2807,2011-10-24,12.442,0.06
2808,2011-10-21,12.435,0.85
2809,2011-10-20,12.330,-1.64
2810,2011-10-19,12.535,0.00
2811,2011-10-18,12.535,0.58
2812,2011-10-17,12.463,-1.90
2813,2011-10-14,12.705,3.91
2814,2011-10-13,12.227,-0.02
2815,2011-10-12,12.230,0.43
2816,2011-10-11,12.178,-0.22
2817,2011-10-10,12.205,0.08
2818,2011-10-07,12.195,0.56
2819,2011-10-06,12.127,0.00
2820,2011-10-05,12.127,0.11
2821,2011-10-04,12.114,-0.32
2822,2011-10-03,12.153,0.50
2823,2011-09-30,12.092,-0.59
2824,2011-09-29,12.164,0.01
2825,2011-09-28,12.163,0.83
2826,2011-09-27,12.063,0.32
2827,2011-09-26,12.024,-0.72
2828,2011-09-23,12.111,0.00
2829,2011-09-22,12.111,0.25
2830,2011-09-21,12.081,-0.54
2831,2011-09-20,12.146,-0.41
2832,2011-09-19,12.196,0.10
2833,2011-09-16,12.184,0.97
2834,2011-09-15,12.067,-0.20
2835,2011-09-14,12.091,0.44
2836,2011-09-13,12.038,-0.60
2837,2011-09-12,12.111,-0.01
2838,2011-09-09,12.112,0.19
2839,2011-09-08,12.089,-0.22
2840,2011-09-07,12.116,0.00
2841,2011-09-06,12.116,0.11
2842,2011-09-05,12.103,-3.51
2843,2011-09-01,12.543,0.25
2844,2011-08-31,12.512,-0.01
2845,2011-08-30,12.513,1.16
2846,2011-08-29,12.370,-1.08
2847,2011-08-26,12.505,1.02
2848,2011-08-25,12.379,-1.36
2849,2011-08-24,12.550,0.16
2850,2011-08-23,12.530,0.18
2851,2011-08-22,12.508,0.17
2852,2011-08-19,12.487,0.02
2853,2011-08-18,12.484,0.02
2854,2011-08-17,12.481,-0.88
2855,2011-08-16,12.592,1.17
2856,2011-08-15,12.446,-1.67
2857,2011-08-12,12.657,0.17
2858,2011-08-11,12.636,2.22
2859,2011-08-10,12.361,-0.59
2860,2011-08-09,12.434,-0.97
2861,2011-08-08,12.556,-0.29
2862,2011-08-05,12.592,1.56
2863,2011-08-04,12.398,-1.10
2864,2011-08-03,12.536,0.54
2865,2011-08-02,12.469,0.00
2866,2011-08-01,12.469,-0.22
2867,2011-07-29,12.497,-1.05
2868,2011-07-28,12.629,1.04
2869,2011-07-27,12.499,-0.28
2870,2011-07-26,12.534,0.66
2871,2011-07-25,12.452,-0.94
2872,2011-07-22,12.570,-0.92
2873,2011-07-21,12.687,1.95
2874,2011-07-20,12.444,0.39
2875,2011-07-19,12.396,-1.50
2876,2011-07-18,12.585,0.15
2877,2011-07-15,12.566,-0.18
2878,2011-07-14,12.589,-0.65
2879,2011-07-13,12.672,0.00
2880,2011-07-12,12.672,0.28
2881,2011-07-11,12.637,-0.77
2882,2011-07-08,12.735,-0.05
2883,2011-07-07,12.741,-0.33
2884,2011-07-06,12.783,-0.26
2885,2011-07-05,12.816,0.60
2886,2011-07-04,12.739,-0.27
2887,2011-07-01,12.774,-0.05
2888,2011-06-30,12.781,0.27
2889,2011-06-29,12.747,-0.82
2890,2011-06-28,12.852,0.05
2891,2011-06-27,12.846,-0.35
2892,2011-06-24,12.891,-0.47
2893,2011-06-23,12.952,0.04
2894,2011-06-22,12.947,0.00
2895,2011-06-21,12.947,0.30
2896,2011-06-20,12.908,-0.22
2897,2011-06-17,12.936,-1.56
2898,2011-06-16,13.141,0.58
2899,2011-06-15,13.065,-2.57
2900,2011-06-14,13.409,0.00
2901,2011-06-13,13.409,-0.22
2902,2011-06-10,13.439,-2.19
2903,2011-06-09,13.740,0.15
2904,2011-06-08,13.719,1.37
2905,2011-06-07,13.533,0.02
2906,2011-06-06,13.530,0.95
2907,2011-06-03,13.403,-0.91
2908,2011-06-02,13.526,0.02
2909,2011-06-01,13.523,-0.13
2910,2011-05-31,13.540,2.15
2911,2011-05-30,13.255,-4.12
2912,2011-05-27,13.825,0.66
2913,2011-05-26,13.735,3.71
2914,2011-05-25,13.244,-2.67
2915,2011-05-24,13.607,0.00
2916,2011-05-23,13.607,4.07
2917,2011-05-20,13.075,0.00
2918,2011-05-19,13.075,-4.02
2919,2011-05-18,13.622,4.44
2920,2011-05-17,13.043,0.12
2921,2011-05-16,13.027,-0.83
2922,2011-05-13,13.136,-1.20
2923,2011-05-12,13.296,2.51
2924,2011-05-11,12.970,0.03
2925,2011-05-10,12.966,-1.99
2926,2011-05-09,13.229,-0.17
2927,2011-05-06,13.252,3.98
2928,2011-05-05,12.745,0.13
2929,2011-05-04,12.729,3.60
2930,2011-04-29,12.287,0.00
2931,2011-04-28,12.287,2.01
2932,2011-04-27,12.045,-2.34
2933,2011-04-26,12.334,0.04
2934,2011-04-25,12.329,2.49
2935,2011-04-22,12.029,0.00
2936,2011-04-21,12.029,0.00
2937,2011-04-20,12.029,1.97
2938,2011-04-19,11.797,1.36
2939,2011-04-18,11.639,-1.16
2940,2011-04-15,11.776,0.00
2941,2011-04-14,11.776,-0.04
2942,2011-04-13,11.781,1.33
2943,2011-04-08,11.626,0.42
2944,2011-04-07,11.577,1.07
2945,2011-04-06,11.455,0.00
2946,2011-04-05,11.455,-0.75
2947,2011-04-04,11.542,-0.08
2948,2011-04-01,11.551,0.03
2949,2011-03-31,11.548,0.65
2950,2011-03-30,11.473,0.01
2951,2011-03-29,11.472,0.95
2952,2011-03-25,11.364,-0.50
2953,2011-03-24,11.421,0.01
2954,2011-03-23,11.420,0.14
2955,2011-03-22,11.404,0.08
2956,2011-03-18,11.395,0.42
2957,2011-03-16,11.347,0.01
2958,2011-03-15,11.346,0.99
2959,2011-03-11,11.235,-0.24
2960,2011-03-10,11.262,0.31
2961,2011-03-09,11.227,1.64
2962,2011-03-08,11.046,-0.32
2963,2011-03-07,11.081,1.10
2964,2011-03-03,10.960,0.50
2965,2011-03-02,10.905,0.02
2966,2011-03-01,10.903,0.60
2967,2011-02-28,10.838,0.68
2968,2011-02-23,10.765,0.72
2969,2011-02-21,10.688,-0.09
2970,2011-02-18,10.698,-0.27
2971,2011-02-17,10.727,0.02
2972,2011-02-16,10.725,-0.37
2973,2011-02-15,10.765,0.40
2974,2011-02-14,10.722,2.82
2975,2011-02-10,10.428,-0.64
2976,2011-01-28,10.495,1.58
2977,2011-01-27,10.332,0.16
2978,2011-01-26,10.316,2.12
2979,2011-01-25,10.102,-2.58
2980,2011-01-19,10.370,0.92
2981,2011-01-18,10.275,-0.17
2982,2011-01-17,10.293,-0.29
2983,2011-01-14,10.323,0.21
2984,2011-01-13,10.301,-0.77
2985,2011-01-12,10.381,0.35
2986,2011-01-11,10.345,2.03
2987,2011-01-07,10.139,0.10
2988,2011-01-06,10.129,0.70
2989,2011-01-05,10.059,0.02
2990,2011-01-04,10.057,-1.72
2991,2010-12-28,10.233,0.19
2992,2010-12-27,10.214,-0.07
2993,2010-12-24,10.221,1.64
2994,2010-12-22,10.056,0.47
2995,2010-12-21,10.009,-1.24
2996,2010-12-20,10.135,1.74
2997,2010-12-17,9.962,0.28
2998,2010-12-16,9.934,-0.62
2999,2010-12-15,9.996,-0.39
3000,2010-12-14,10.035,-2.40
3001,2010-12-13,10.282,-0.08
3002,2010-12-10,10.290,2.42
3003,2010-12-09,10.047,-0.02
3004,2010-12-08,10.049,1.13
3005,2010-12-07,9.937,-0.52
3006,2010-12-06,9.989,0.86
3007,2010-12-03,9.904,-1.63
3008,2010-12-02,10.068,1.52
3009,2010-12-01,9.917,-1.96
3010,2010-11-30,10.115,1.83
3011,2010-11-29,9.933,-0.91
3012,2010-11-26,10.024,1.86
3013,2010-11-25,9.841,-0.84
3014,2010-11-24,9.924,0.55
3015,2010-11-19,9.870,-0.45
3016,2010-11-18,9.915,0.64
3017,2010-11-17,9.852,0.01
3018,2010-11-16,9.851,1.04
3019,2010-11-15,9.750,-0.02
3020,2010-11-12,9.752,0.61
3021,2010-11-10,9.693,3.61
3022,2010-11-09,9.355,1.14
3023,2010-11-08,9.250,1.12
3024,2010-11-05,9.148,0.03
3025,2010-11-04,9.145,-1.14
3026,2010-11-01,9.250,-0.41
3027,2010-10-29,9.288,0.04
3028,2010-10-28,9.284,-0.29
3029,2010-10-27,9.311,0.20
3030,2010-10-26,9.292,0.01
3031,2010-10-25,9.291,-0.47
3032,2010-10-22,9.335,0.18
3033,2010-10-21,9.318,0.51
3034,2010-10-20,9.271,-0.80
3035,2010-10-19,9.346,0.94
3036,2010-10-15,9.259,-0.61
3037,2010-10-14,9.316,-0.41
3038,2010-10-13,9.354,0.04
3039,2010-10-12,9.350,0.03
3040,2010-10-08,9.347,-0.38
3041,2010-10-07,9.383,-0.03
3042,2010-10-06,9.386,0.37
3043,2010-10-05,9.351,-0.02
3044,2010-10-04,9.353,-0.88
3045,2010-10-01,9.436,0.44
3046,2010-09-30,9.395,0.41
3047,2010-09-29,9.357,-0.93
3048,2010-09-28,9.445,-0.73
3049,2010-09-27,9.514,0.00
3050,2010-09-24,9.514,0.11
3051,2010-09-22,9.504,0.01
3052,2010-09-21,9.503,0.95
3053,2010-09-20,9.414,0.03
3054,2010-09-17,9.411,0.04
3055,2010-09-16,9.407,0.45
3056,2010-09-15,9.365,-0.47
3057,2010-09-14,9.409,0.02
3058,2010-09-13,9.407,-0.51
3059,2010-09-10,9.455,0.19
3060,2010-09-09,9.437,0.03
3061,2010-09-08,9.434,0.90
3062,2010-09-07,9.350,-0.51
3063,2010-09-06,9.398,1.63
3064,2010-09-03,9.247,-1.94
3065,2010-09-02,9.430,-0.02
3066,2010-09-01,9.432,-0.42
3067,2010-08-31,9.472,0.33
3068,2010-08-30,9.441,0.31
3069,2010-08-27,9.412,0.04
3070,2010-08-26,9.408,0.05
3071,2010-08-25,9.403,0.27
3072,2010-08-24,9.378,0.55
3073,2010-08-23,9.327,-0.74
3074,2010-08-20,9.397,-0.27
3075,2010-08-19,9.422,-0.20
3076,2010-08-18,9.441,0.69
3077,2010-08-17,9.376,-0.19
3078,2010-08-16,9.394,0.16
3079,2010-08-13,9.379,0.34
3080,2010-08-12,9.347,0.01
3081,2010-08-11,9.346,-0.40
3082,2010-08-10,9.384,-0.46
3083,2010-08-09,9.427,-0.06
3084,2010-08-06,9.433,1.44
3085,2010-08-04,9.299,-0.73
3086,2010-08-03,9.367,0.39
3087,2010-08-02,9.331,-0.71
3088,2010-07-30,9.398,-0.24
3089,2010-07-29,9.421,1.55
3090,2010-07-28,9.277,-1.92
3091,2010-07-27,9.459,0.30
3092,2010-07-26,9.431,0.77
3093,2010-07-23,9.359,-0.03
3094,2010-07-22,9.362,-0.27
3095,2010-07-21,9.387,-0.71
3096,2010-07-20,9.454,-1.21
3097,2010-07-14,9.570,0.24
3098,2010-07-12,9.547,-0.22
3099,2010-07-09,9.568,-0.32
3100,2010-07-08,9.599,0.15
3101,2010-07-05,9.585,-0.96
3102,2010-07-01,9.678,-1.89
3103,2010-06-28,9.864,-7.03
3104,2010-06-23,10.610,0.31
3105,2010-06-22,10.577,-0.34
3106,2010-06-18,10.613,-0.18
3107,2010-06-16,10.632,-0.48
3108,2010-06-14,10.683,-0.07
3109,2010-06-11,10.690,0.07
3110,2010-06-10,10.682,-0.39
3111,2010-06-09,10.724,0.02
3112,2010-06-08,10.722,-0.24
3113,2010-06-07,10.748,0.12
3114,2010-06-04,10.735,-0.09
3115,2010-06-03,10.745,-0.10
3116,2010-06-02,10.756,0.01
3117,2010-06-01,10.755,-0.59
3118,2010-05-31,10.819,-0.07
3119,2010-05-28,10.827,0.33
3120,2010-05-27,10.791,-0.56
3121,2010-05-26,10.852,0.70
3122,2010-05-24,10.777,-0.86
3123,2010-05-21,10.871,0.34
3124,2010-05-20,10.834,-0.86
3125,2010-05-19,10.928,-0.33
3126,2010-05-18,10.964,0.02
3127,2010-05-17,10.962,0.93
3128,2010-05-13,10.861,0.02
3129,2010-05-12,10.859,-0.72
3130,2010-05-11,10.938,-0.17
3131,2010-05-10,10.957,1.17
3132,2010-05-07,10.830,-1.37
3133,2010-05-06,10.980,-0.51
3134,2010-04-28,11.036,0.24
3135,2010-04-27,11.010,-0.87
3136,2010-04-26,11.107,-0.11
3137,2010-04-22,11.119,1.50
3138,2010-04-21,10.955,-1.18
3139,2010-04-20,11.086,0.06
3140,2010-04-19,11.079,-0.06
3141,2010-04-16,11.086,0.23
3142,2010-04-15,11.061,0.02
3143,2010-04-14,11.059,0.02
3144,2010-04-13,11.057,0.02
3145,2010-04-12,11.055,-0.27
3146,2010-04-08,11.085,0.08
3147,2010-04-07,11.076,0.02
3148,2010-04-06,11.074,1.18
3149,2010-04-05,10.945,0.32
3150,2010-04-02,10.910,0.29
3151,2010-04-01,10.878,-0.91
3152,2010-03-31,10.978,0.40
3153,2010-03-30,10.934,1.05
3154,2010-03-26,10.820,-0.63
3155,2010-03-25,10.889,0.36
3156,2010-03-24,10.850,-0.61
3157,2010-03-23,10.917,1.31
3158,2010-03-22,10.776,-1.26
3159,2010-03-19,10.914,0.06
3160,2010-03-18,10.907,1.62
3161,2010-03-17,10.733,0.01
3162,2010-03-16,10.732,1.86
3163,2010-03-15,10.536,-1.32
3164,2010-03-12,10.677,-1.24
3165,2010-03-11,10.811,3.10
3166,2010-03-10,10.486,0.58
3167,2010-03-09,10.426,0.62
3168,2010-03-08,10.362,3.62
3169,2010-03-03,10.000,0.00
3170,2010-03-02,10.000,-1.25
3171,2010-03-01,10.127,-0.13
3172,2010-02-26,10.140,0.07
3173,2010-02-24,10.133,2.54
3174,2010-02-23,9.882,-0.01
3175,2010-02-22,9.883,0.32
3176,2010-02-19,9.851,-0.09
3177,2010-02-10,9.860,-2.54
3178,2010-02-08,10.117,3.55
3179,2010-02-05,9.770,-1.40
3180,2010-02-04,9.909,0.72
3181,2010-02-03,9.838,-1.33
3182,2010-02-02,9.971,-0.09
3183,2010-02-01,9.980,0.34
3184,2010-01-29,9.946,0.07
3185,2010-01-28,9.939,0.10
3186,2010-01-27,9.929,1.51
3187,2010-01-25,9.781,-1.38
3188,2010-01-21,9.918,2.99
3189,2010-01-19,9.630,-0.75
3190,2010-01-18,9.703,-0.05
3191,2010-01-15,9.708,0.05
3192,2010-01-14,9.703,-0.98
3193,2010-01-13,9.799,0.01
3194,2010-01-12,9.798,2.43
3195,2010-01-08,9.566,0.01
3196,2010-01-07,9.565,0.00
3197,2010-01-06,9.565,1.40
3198,2010-01-05,9.433,0.01
3199,2010-01-04,9.432,-3.64
3200,2009-12-28,9.788,-0.09
3201,2009-12-25,9.797,1.98
3202,2009-12-24,9.607,1.53
3203,2009-12-22,9.462,-0.02
3204,2009-12-21,9.464,-1.01
3205,2009-12-18,9.561,0.03
3206,2009-12-17,9.558,0.12
3207,2009-12-16,9.547,-0.54
3208,2009-12-15,9.599,0.00
3209,2009-12-14,9.599,3.15
3210,2009-12-11,9.306,0.02
3211,2009-12-10,9.304,-0.68
3212,2009-12-09,9.368,-0.10
3213,2009-12-08,9.377,0.40
3214,2009-12-07,9.340,1.93
3215,2009-12-04,9.163,0.00
3216,2009-12-03,9.163,-0.67
3217,2009-12-02,9.225,-0.82
3218,2009-12-01,9.301,0.16
3219,2009-11-30,9.286,0.00
3220,2009-11-27,9.286,0.69
3221,2009-11-26,9.222,0.80
3222,2009-11-25,9.149,0.34
3223,2009-11-24,9.118,-1.26
3224,2009-11-20,9.234,0.00
3225,2009-11-19,9.234,1.03
3226,2009-11-18,9.140,1.13
3227,2009-11-17,9.038,-2.12
3228,2009-11-16,9.234,1.85
3229,2009-11-13,9.066,0.10
3230,2009-11-12,9.057,-0.28
3231,2009-11-10,9.082,0.25
3232,2009-11-09,9.059,1.00
3233,2009-11-06,8.969,0.04
3234,2009-11-05,8.965,-0.42
3235,2009-11-02,9.003,0.95
3236,2009-10-30,8.918,-0.02
3237,2009-10-29,8.920,-1.76
3238,2009-10-28,9.080,-0.01
3239,2009-10-27,9.081,1.12
3240,2009-10-26,8.980,-1.10
3241,2009-10-23,9.080,1.11
3242,2009-10-22,8.980,-14.31
3243,2009-10-21,10.480,16.69
3244,2009-10-20,8.981,-14.30
3245,2009-10-19,10.480,20.46
3246,2009-10-16,8.700,-13.86
3247,2009-10-15,10.100,16.09
3248,2009-10-14,8.700,0.00
3249,2009-10-13,8.700,1.16
3250,2009-10-12,8.600,-14.85
3251,2009-10-09,10.100,0.00
3252,2009-10-08,10.100,0.00
3253,2009-10-07,10.100,5.21
3254,2009-10-06,9.600,10.34
3255,2009-10-05,8.700,0.00
3256,2009-10-02,8.700,0.00
3257,2009-10-01,8.700,0.00
3258,2009-09-30,8.700,0.00
3259,2009-09-29,8.700,-9.38
3260,2009-09-28,9.600,0.00
3261,2009-09-25,9.600,11.63
3262,2009-09-24,8.600,-1.15
3263,2009-09-23,8.700,0.00
3264,2009-09-22,8.700,-9.38
3265,2009-09-21,9.601,0.02
3266,2009-09-18,9.599,-0.01
3267,2009-09-17,9.600,10.34
3268,2009-09-16,8.700,1.15
3269,2009-09-15,8.601,-1.14
3270,2009-09-14,8.700,1.16
3271,2009-08-26,8.600,-0.58
3272,2009-08-25,8.650,0.00
3273,2009-08-24,8.650,0.00
3274,2009-08-21,8.650,0.00
3275,2009-08-20,8.650,0.00
3276,2009-08-19,8.650,0.00
3277,2009-08-18,8.650,0.00
3278,2009-08-17,8.650,0.00
3279,2009-08-14,8.650,0.00
3280,2009-08-13,8.650,0.00
3281,2009-08-12,8.650,0.00
3282,2009-08-11,8.650,0.00
3283,2009-08-10,8.650,0.00
3284,2009-08-07,8.650,0.00
3285,2009-08-06,8.650,0.00
3286,2009-08-05,8.650,0.00
3287,2009-08-04,8.650,0.00
3288,2009-08-03,8.650,0.00
3289,2009-07-31,8.650,0.00
3290,2009-07-30,8.650,0.00
3291,2009-07-29,8.650,0.00
3292,2009-07-28,8.650,0.00
3293,2009-07-27,8.650,0.00
3294,2009-07-24,8.650,0.00
3295,2009-07-23,8.650,0.00
3296,2009-07-22,8.650,0.00
3297,2009-07-21,8.650,0.00
3298,2009-07-20,8.650,0.58
3299,2009-07-17,8.600,0.00
3300,2009-07-16,8.600,-0.58
3301,2009-07-15,8.650,0.00
3302,2009-07-14,8.650,0.00
3303,2009-07-13,8.650,0.00
3304,2009-07-10,8.650,0.58
3305,2009-07-09,8.600,-0.58
3306,2009-07-08,8.650,0.58
3307,2009-07-07,8.600,0.00
3308,2009-07-06,8.600,0.00
3309,2009-07-03,8.600,0.00
3310,2009-07-02,8.600,0.00
3311,2009-07-01,8.600,0.00
3312,2009-06-30,8.600,0.00
3313,2009-06-29,8.600,-2.27
3314,2009-06-26,8.800,0.00
3315,2009-06-25,8.800,0.00
3316,2009-06-24,8.800,0.00
3317,2009-06-23,8.800,0.00
3318,2009-06-22,8.800,0.00
3319,2009-06-19,8.800,0.00
3320,2009-06-18,8.800,0.00
3321,2009-06-17,8.800,2.33
3322,2009-06-16,8.600,-2.27
3323,2009-06-15,8.800,0.00
3324,2009-06-12,8.800,2.33
3325,2009-06-11,8.600,-2.27
3326,2009-06-10,8.800,0.00
3327,2009-06-09,8.800,0.00
3328,2009-06-08,8.800,0.00
3329,2009-06-05,8.800,2.33
3330,2009-06-04,8.600,-2.27
3331,2009-06-03,8.800,2.33
3332,2009-06-02,8.600,-2.27
3333,2009-06-01,8.800,4.76
3334,2009-05-29,8.400,0.00
3335,2009-05-28,8.400,0.00
3336,2009-05-27,8.400,0.00
3337,2009-05-26,8.400,0.00
3338,2009-05-25,8.400,0.00
3339,2009-05-22,8.400,0.00
3340,2009-05-21,8.400,0.00
3341,2009-05-20,8.400,0.00
3342,2009-05-19,8.400,0.00
3343,2009-05-18,8.400,0.00
3344,2009-05-15,8.400,0.00
3345,2009-05-14,8.400,0.00
3346,2009-05-13,8.400,0.00
3347,2009-05-12,8.400,0.00
3348,2009-05-11,8.400,0.00
3349,2009-05-08,8.400,0.00
3350,2009-05-07,8.400,0.00
3351,2009-05-06,8.400,0.00
3352,2009-05-05,8.400,0.00
3353,2009-05-04,8.400,0.00
3354,2009-04-29,8.400,0.00
3355,2009-04-28,8.400,0.00
3356,2009-04-27,8.400,0.00
3357,2009-04-24,8.400,0.00
3358,2009-04-23,8.400,0.00
3359,2009-04-22,8.400,0.00
3360,2009-04-21,8.400,0.00
3361,2009-04-20,8.400,0.00
3362,2009-04-17,8.400,0.00
3363,2009-04-16,8.400,0.00
3364,2009-04-15,8.400,0.00
3365,2009-04-14,8.400,0.00
3366,2009-04-13,8.400,0.00
3367,2009-04-10,8.400,0.00
3368,2009-04-09,8.400,0.00
3369,2009-04-08,8.400,0.00
3370,2009-04-07,8.400,-2.33
3371,2009-04-03,8.600,0.00
3372,2009-04-02,8.600,0.00
3373,2009-04-01,8.600,0.00
3374,2009-03-31,8.600,0.00
3375,2009-03-30,8.600,-2.27
3376,2009-03-27,8.800,0.00
3377,2009-03-25,8.800,0.00
3378,2009-03-23,8.800,0.00
3379,2009-03-20,8.800,0.00
3380,2009-03-19,8.800,-16.19
3381,2008-12-23,10.500,0.00
3382,2008-12-22,10.500,-4.55
3383,2008-12-17,11.000,-31.25
3384,2008-10-28,16.000,-5.88
3385,2008-10-24,17.000,0.00
3386,2008-10-23,17.000,0.00
3387,2008-10-22,17.000,0.00
3388,2008-10-21,17.000,0.00
3389,2008-10-20,17.000,0.00
3390,2008-10-17,17.000,-2.86
3391,2008-10-16,17.500,0.00
3392,2008-10-15,17.500,0.00
3393,2008-10-14,17.500,0.00
3394,2008-10-13,17.500,-2.78
3395,2008-10-10,18.000,0.00
3396,2008-10-09,18.000,4.65
3397,2008-10-08,17.200,0.00
3398,2008-10-07,17.200,0.00
3399,2008-10-06,17.200,1.18
3400,2008-10-03,17.000,0.00
3401,2008-10-02,17.000,0.00
3402,2008-10-01,17.000,3.03
3403,2008-09-30,16.500,0.00
3404,2008-09-29,16.500,0.00
3405,2008-09-26,16.500,0.00
3406,2008-09-25,16.500,0.00
3407,2008-09-24,16.500,0.00
3408,2008-09-23,16.500,0.00
3409,2008-09-22,16.500,0.00
3410,2008-09-19,16.500,0.00
3411,2008-09-18,16.500,0.00
3412,2008-09-17,16.500,0.00
3413,2008-09-16,16.500,0.00
3414,2008-09-15,16.500,0.00
3415,2008-09-12,16.500,0.00
3416,2008-09-11,16.500,-17.50
3417,2008-09-10,20.000,0.00
3418,2008-09-09,20.000,0.00
3419,2008-09-08,20.000,0.00
3420,2008-09-05,20.000,0.00
3421,2008-09-04,20.000,0.00
3422,2008-09-03,20.000,0.00
3423,2008-09-01,20.000,0.00
3424,2008-08-29,20.000,0.00
3425,2008-08-28,20.000,0.00
3426,2008-08-27,20.000,0.00
3427,2008-08-26,20.000,0.00
3428,2008-08-25,20.000,0.00
3429,2008-08-22,20.000,0.00
3430,2008-08-21,20.000,0.00
3431,2008-08-20,20.000,0.00
3432,2008-08-19,20.000,0.00
3433,2008-08-18,20.000,0.00
3434,2008-08-15,20.000,0.00
3435,2008-08-14,20.000,0.00
3436,2008-08-13,20.000,0.00
3437,2008-08-12,20.000,0.00
3438,2008-08-11,20.000,0.00
3439,2008-08-08,20.000,0.00
3440,2008-08-07,20.000,0.00
3441,2008-08-06,20.000,0.00
3442,2008-08-05,20.000,0.00
3443,2008-08-04,20.000,0.00
3444,2008-08-01,20.000,0.00
3445,2008-07-31,20.000,0.00
3446,2008-07-30,20.000,0.00
3447,2008-07-28,20.000,0.00
3448,2008-07-25,20.000,0.00
3449,2008-07-24,20.000,-4.76
3450,2008-07-23,21.000,0.00
3451,2008-07-22,21.000,0.00
3452,2008-07-21,21.000,0.00
3453,2008-07-18,21.000,0.00
3454,2008-07-17,21.000,0.00
3455,2008-07-16,21.000,0.00
3456,2008-07-15,21.000,0.00
3457,2008-07-14,21.000,0.00
3458,2008-07-11,21.000,0.00
3459,2008-07-10,21.000,0.00
3460,2008-07-09,21.000,0.00
3461,2008-07-08,21.000,0.00
3462,2008-07-04,21.000,0.00
3463,2008-07-02,21.000,-5.19
3464,2008-06-20,22.150,0.00
3465,2008-06-18,22.150,9.93
3466,2008-06-16,20.150,138.46
3467,2008-05-07,8.450,0.00
3468,2008-05-05,8.450,0.00
3469,2008-04-29,8.450,0.00
3470,2008-04-28,8.450,0.00
3471,2008-04-25,8.450,0.00
3472,2008-04-24,8.450,9.03
3473,2008-04-23,7.750,0.00
3474,2008-04-21,7.750,0.00
3475,2008-04-11,7.750,0.00
3476,2008-04-10,7.750,0.00
3477,2008-04-08,7.750,0.00
3478,2008-04-07,7.750,0.00
3479,2008-04-04,7.750,0.00
3480,2008-04-03,7.750,5.44
3481,2008-03-28,7.350,0.00
3482,2008-03-26,7.350,0.00
3483,2008-03-25,7.350,-3.92
3484,2008-03-24,7.650,-0.65
3485,2008-03-21,7.700,0.00
3486,2008-03-20,7.700,0.00
3487,2008-03-19,7.700,0.00
3488,2008-03-18,7.700,0.00
3489,2008-03-17,7.700,0.00
3490,2008-03-14,7.700,0.00
3491,2008-03-13,7.700,0.00
3492,2008-03-12,7.700,1.32
3493,2008-03-11,7.600,0.00
3494,2008-03-10,7.600,0.00
3495,2008-03-07,7.600,0.00
3496,2008-03-05,7.600,0.00
3497,2008-03-04,7.600,0.00
3498,2008-03-03,7.600,0.00
3499,2008-02-29,7.600,0.00
3500,2008-02-28,7.600,0.00
3501,2008-02-27,7.600,0.00
3502,2008-02-26,7.600,0.00
3503,2008-02-25,7.600,0.00
3504,2008-02-22,7.600,0.00
3505,2008-02-21,7.600,0.00
3506,2008-02-20,7.600,3.40
3507,2008-02-19,7.350,-3.29
3508,2008-02-18,7.600,0.00
3509,2008-02-13,7.600,0.00
3510,2008-02-01,7.600,0.00
3511,2008-01-31,7.600,0.00
3512,2008-01-23,7.600,1.33
3513,2008-01-21,7.500,-2.60
3514,2008-01-16,7.700,0.00
3515,2008-01-15,7.700,-1.28
3516,2008-01-14,7.800,-1.27
3517,2007-12-26,7.900,1.28
3518,2007-12-25,7.800,-1.27
3519,2007-12-24,7.900,1.28
3520,2007-12-21,7.800,0.00
3521,2007-12-20,7.800,0.00
3522,2007-12-19,7.800,0.00
3523,2007-12-17,7.800,0.00
3524,2007-12-14,7.800,-2.50
3525,2007-12-12,8.000,1.27
3526,2007-12-10,7.900,2.60
3527,2007-12-04,7.700,0.00
3528,2007-11-29,7.700,4.05
3529,2007-11-28,7.400,-2.63
3530,2007-11-27,7.600,0.00
3531,2007-11-26,7.600,0.00
3532,2007-11-22,7.600,0.00
3533,2007-11-21,7.600,0.00
3534,2007-11-20,7.600,0.00
3535,2007-11-16,7.600,0.00
3536,2007-11-15,7.600,2.01
3537,2007-11-14,7.450,0.68
3538,2007-11-13,7.400,0.00
3539,2007-11-12,7.400,0.00
3540,2007-11-09,7.400,0.00
3541,2007-11-08,7.400,0.00
3542,2007-11-07,7.400,0.00
3543,2007-11-06,7.400,0.00
3544,2007-11-02,7.400,0.68
3545,2007-10-29,7.350,-0.68
3546,2007-10-26,7.400,0.00
3547,2007-10-25,7.400,0.00
3548,2007-10-23,7.400,0.68
3549,2007-10-22,7.350,0.00
3550,2007-10-19,7.350,-2.00
3551,2007-10-18,7.500,0.00
3552,2007-10-17,7.500,0.00
3553,2007-10-16,7.500,-1.32
3554,2007-10-15,7.600,0.00
3555,2007-10-11,7.600,3.40
3556,2007-10-10,7.350,0.00
3557,2007-10-08,7.350,-3.29
3558,2007-10-05,7.600,3.40
3559,2007-10-02,7.350,0.00
3560,2007-10-01,7.350,-3.29
3561,2007-09-27,7.600,0.00
3562,2007-09-26,7.600,14.29
3563,2007-09-17,6.650,-7.64
3564,2007-09-14,7.200,0.00
3565,2007-09-13,7.200,0.00
3566,2007-09-12,7.200,0.00
3567,2007-09-11,7.200,8.27
3568,2007-09-10,6.650,-7.64
3569,2007-09-07,7.200,0.00
3570,2007-09-06,7.200,0.00
3571,2007-09-04,7.200,0.00
3572,2007-08-31,7.200,0.00
3573,2007-08-30,7.200,0.00
3574,2007-08-29,7.200,8.27
3575,2007-08-27,6.650,-7.64
3576,2007-08-24,7.200,0.00
3577,2007-08-22,7.200,0.00
3578,2007-08-21,7.200,8.27
3579,2007-08-20,6.650,-5.00
3580,2007-08-16,7.000,0.00
3581,2007-08-15,7.000,0.00
3582,2007-08-14,7.000,0.00
3583,2007-08-13,7.000,0.00
3584,2007-08-09,7.000,5.26
3585,2007-08-06,6.650,-5.00
3586,2007-08-03,7.000,0.00
3587,2007-07-30,7.000,0.00
3588,2007-07-27,7.000,0.00
3589,2007-07-26,7.000,0.00
3590,2007-07-25,7.000,0.00
3591,2007-07-24,7.000,5.26
3592,2007-07-23,6.650,-5.00
3593,2007-07-20,7.000,0.00
3594,2007-07-19,7.000,0.00
3595,2007-07-18,7.000,0.00
3596,2007-07-17,7.000,5.26
3597,2007-07-16,6.650,-5.00
3598,2007-07-13,7.000,0.00
3599,2007-07-11,7.000,5.26
3600,2007-07-09,6.650,-5.00
3601,2007-07-06,7.000,0.00
3602,2007-07-05,7.000,0.00
3603,2007-07-04,7.000,1.45
3604,2007-07-03,6.900,3.76
