,date,buy,standard
0,2022-05-02,58.65,54.27
1,2022-04-29,58.15,54.27
2,2022-04-28,59.07,54.35
3,2022-04-27,59.19,54.08
4,2022-04-26,59.40,54.79
5,2022-04-25,59.99,55.14
6,2022-04-22,59.67,54.99
7,2022-04-21,59.46,55.06
8,2022-04-20,58.81,54.51
9,2022-04-19,58.88,54.35
10,2022-04-18,58.91,54.42
11,2022-04-15,58.79,54.20
12,2022-04-14,59.06,54.73
13,2022-04-13,58.64,54.74
14,2022-04-12,59.18,54.84
15,2022-04-11,59.19,54.51
16,2022-04-08,58.66,54.03
17,2022-04-07,58.68,54.30
18,2022-04-06,58.81,54.28
19,2022-04-05,59.04,54.84
20,2022-04-04,59.49,55.15
21,2022-04-01,59.68,54.92
22,2022-03-31,59.87,55.29
23,2022-03-30,59.18,55.30
24,2022-03-29,58.84,54.78
25,2022-03-28,59.23,54.50
26,2022-03-25,58.69,54.31
27,2022-03-24,58.81,54.00
28,2022-03-23,58.55,54.58
29,2022-03-22,58.68,54.15
30,2022-03-21,58.24,53.89
31,2022-03-18,58.88,54.71
32,2022-03-17,58.50,55.42
33,2022-03-16,58.77,54.80
34,2022-03-15,59.10,54.50
35,2022-03-14,58.17,53.60
36,2022-03-11,58.16,53.65
37,2022-03-10,58.32,54.29
38,2022-03-08,56.22,51.63
39,2022-03-07,56.47,51.58
40,2022-03-04,56.31,51.67
41,2022-03-03,56.65,52.42
42,2022-03-02,57.15,52.79
43,2022-02-28,57.94,53.67
44,2022-02-25,58.77,54.27
45,2022-02-24,59.75,54.79
46,2022-02-23,59.33,55.12
47,2022-02-22,59.76,55.34
48,2022-02-21,59.98,55.68
49,2022-02-18,60.18,55.78
50,2022-02-17,60.56,55.93
51,2022-02-16,60.25,55.88
52,2022-02-15,59.47,55.15
53,2022-02-14,59.83,55.42
54,2022-02-11,60.54,56.08
55,2022-02-10,60.59,56.15
56,2022-02-09,60.68,56.34
57,2022-02-08,61.06,56.62
58,2022-02-07,61.06,56.53
59,2022-02-04,60.85,56.66
60,2022-02-03,60.78,56.35
61,2022-01-28,59.55,54.84
62,2022-01-27,59.51,54.84
63,2022-01-26,59.59,55.24
64,2022-01-25,59.70,55.14
65,2022-01-24,59.96,55.49
66,2022-01-21,60.02,55.48
67,2022-01-20,60.02,55.68
68,2022-01-19,59.79,55.21
69,2022-01-18,60.21,55.71
70,2022-01-17,59.92,55.28
71,2022-01-14,59.84,55.47
72,2022-01-13,60.25,55.99
73,2022-01-12,59.98,55.65
74,2022-01-11,59.97,55.81
75,2022-01-10,60.13,55.91
76,2022-01-07,59.91,55.32
77,2022-01-06,59.79,55.04
78,2022-01-05,59.24,54.70
79,2022-01-04,58.84,54.23
80,2022-01-03,58.84,54.20
81,2021-12-31,58.55,53.98
82,2021-12-30,58.40,53.99
83,2021-12-29,58.13,53.85
84,2021-12-28,58.07,53.64
85,2021-12-27,58.06,53.69
86,2021-12-24,57.98,53.63
87,2021-12-23,57.95,53.79
88,2021-12-22,57.59,53.27
89,2021-12-21,57.51,53.19
90,2021-12-20,57.32,52.75
91,2021-12-17,57.28,52.96
92,2021-12-16,57.18,53.05
93,2021-12-15,56.92,52.64
94,2021-12-14,56.71,52.35
95,2021-12-13,56.95,52.57
96,2021-12-10,56.71,52.15
97,2021-12-09,56.57,52.43
98,2021-12-08,56.33,52.33
99,2021-12-07,56.44,52.52
100,2021-12-06,56.81,52.45
101,2021-12-03,56.71,52.28
102,2021-12-02,56.35,52.46
103,2021-12-01,56.63,52.79
104,2021-11-30,56.77,52.70
105,2021-11-29,56.72,52.49
106,2021-11-26,56.57,52.19
107,2021-11-25,56.38,52.18
108,2021-11-24,56.53,52.42
109,2021-11-23,56.63,52.43
110,2021-11-22,56.93,52.55
111,2021-11-19,57.62,53.10
112,2021-11-18,57.28,53.12
113,2021-11-17,57.21,52.89
114,2021-11-16,57.55,53.21
115,2021-11-15,57.83,53.52
116,2021-11-12,57.78,53.76
117,2021-11-11,58.15,53.76
118,2021-11-10,58.41,54.13
119,2021-11-09,58.32,54.32
120,2021-11-08,58.57,54.35
121,2021-11-05,58.29,53.75
122,2021-11-04,58.09,53.80
123,2021-11-03,57.79,53.24
124,2021-11-02,57.62,53.35
125,2021-11-01,57.14,52.61
126,2021-10-29,57.30,53.16
127,2021-10-28,57.00,52.69
128,2021-10-27,57.15,52.59
129,2021-10-26,56.79,52.86
130,2021-10-25,57.24,53.44
131,2021-10-22,57.56,53.29
132,2021-10-21,58.02,53.66
133,2021-10-20,57.79,53.90
134,2021-10-19,57.99,54.05
135,2021-10-18,58.62,54.07
136,2021-10-15,58.30,54.27
137,2021-10-14,58.51,54.59
138,2021-10-13,58.43,54.43
139,2021-10-12,58.80,54.27
140,2021-10-08,58.63,54.08
141,2021-10-07,58.51,54.15
142,2021-10-06,59.04,54.36
143,2021-10-05,58.73,54.44
144,2021-10-01,58.59,54.16
145,2021-09-30,58.15,53.87
146,2021-09-29,58.63,54.17
147,2021-09-28,58.88,54.10
148,2021-09-27,58.79,54.21
149,2021-09-24,58.75,54.66
150,2021-09-23,58.28,54.22
151,2021-09-17,59.04,54.32
152,2021-09-16,59.14,54.71
153,2021-09-15,58.75,54.57
154,2021-09-14,58.94,54.71
155,2021-09-13,59.18,54.57
156,2021-09-10,58.50,54.39
157,2021-09-09,58.66,54.16
158,2021-09-08,58.78,54.00
159,2021-09-07,58.61,54.09
160,2021-09-06,58.44,54.13
161,2021-09-03,58.43,54.22
162,2021-09-02,58.46,54.06
163,2021-09-01,58.19,54.03
164,2021-08-31,57.75,53.72
165,2021-08-30,58.10,54.16
166,2021-08-27,58.14,53.79
167,2021-08-26,58.19,53.73
168,2021-08-25,58.02,53.78
169,2021-08-24,58.00,53.98
170,2021-08-23,58.00,53.85
171,2021-08-20,58.50,53.77
172,2021-08-19,58.39,53.97
173,2021-08-18,58.12,54.03
174,2021-08-17,58.71,54.11
175,2021-08-13,58.35,53.59
176,2021-08-12,57.98,53.42
177,2021-08-11,57.65,53.02
178,2021-08-10,57.40,52.97
179,2021-08-09,57.24,52.84
180,2021-08-06,57.49,53.27
181,2021-08-05,57.45,53.29
182,2021-08-04,57.65,53.65
183,2021-08-03,57.80,53.66
184,2021-08-02,57.76,53.34
185,2021-07-30,57.81,53.56
186,2021-07-29,57.34,53.52
187,2021-07-28,57.31,52.89
188,2021-07-27,57.35,53.03
189,2021-07-26,57.26,52.78
190,2021-07-23,57.07,52.86
191,2021-07-22,56.98,52.80
192,2021-07-21,57.16,52.86
193,2021-07-20,57.01,52.57
194,2021-07-19,57.39,52.78
195,2021-07-16,56.95,52.85
196,2021-07-15,57.02,53.26
197,2021-07-14,57.01,52.58
198,2021-07-13,57.19,53.00
199,2021-07-12,57.15,52.93
200,2021-07-09,56.75,52.38
201,2021-07-08,56.72,52.03
202,2021-07-07,56.59,52.18
203,2021-07-06,56.76,52.43
204,2021-07-05,56.70,52.64
205,2021-07-02,56.90,52.52
206,2021-07-01,56.87,52.53
207,2021-06-30,57.00,52.71
208,2021-06-29,57.27,53.00
209,2021-06-28,57.21,52.90
210,2021-06-25,57.11,53.25
211,2021-06-24,57.54,53.38
212,2021-06-23,57.46,53.04
213,2021-06-22,57.25,53.03
214,2021-06-21,56.87,52.57
215,2021-06-18,56.95,52.66
216,2021-06-17,57.51,52.57
217,2021-06-16,57.54,53.25
218,2021-06-15,57.55,53.22
219,2021-06-14,57.62,52.94
220,2021-06-11,57.66,53.54
221,2021-06-10,57.76,53.50
222,2021-06-09,57.59,53.29
223,2021-06-08,57.76,53.31
224,2021-06-07,57.39,53.46
225,2021-06-04,57.34,52.95
226,2021-06-03,57.71,53.26
227,2021-06-02,57.81,53.21
228,2021-06-01,57.47,53.53
229,2021-05-31,57.45,53.44
230,2021-05-28,57.69,53.57
231,2021-05-27,57.83,53.65
232,2021-05-26,58.25,54.13
233,2021-05-25,58.22,54.22
234,2021-05-24,58.27,53.94
235,2021-05-21,58.47,54.29
236,2021-05-20,58.52,54.14
237,2021-05-18,58.28,54.19
238,2021-05-17,58.46,53.90
239,2021-05-14,57.63,53.53
240,2021-05-13,57.73,52.99
241,2021-05-12,57.81,53.26
242,2021-05-11,57.36,52.93
243,2021-05-10,57.09,53.19
244,2021-05-07,56.77,52.80
245,2021-05-06,56.53,52.18
246,2021-05-04,56.76,52.33
247,2021-05-03,56.31,51.61
248,2021-04-30,56.38,51.93
249,2021-04-29,56.13,52.12
250,2021-04-28,56.00,51.79
251,2021-04-27,56.09,52.05
252,2021-04-26,56.14,52.36
253,2021-04-23,56.05,51.88
254,2021-04-22,56.27,52.01
255,2021-04-21,56.10,51.65
256,2021-04-20,55.89,51.91
257,2021-04-19,55.56,51.59
258,2021-04-16,55.66,51.64
259,2021-04-15,55.60,51.72
260,2021-04-14,55.53,51.94
261,2021-04-13,55.53,51.47
262,2021-04-12,55.49,51.08
263,2021-04-09,55.76,51.58
264,2021-04-08,55.37,51.23
265,2021-04-07,55.05,51.21
266,2021-04-06,55.04,51.27
267,2021-04-05,54.89,50.83
268,2021-04-02,54.93,50.94
269,2021-04-01,54.88,50.86
270,2021-03-31,54.70,50.78
271,2021-03-30,55.19,51.03
272,2021-03-29,55.28,51.17
273,2021-03-26,54.91,51.02
274,2021-03-25,55.12,51.00
275,2021-03-24,55.24,50.98
276,2021-03-23,55.76,51.79
277,2021-03-22,55.53,51.67
278,2021-03-19,55.59,51.26
279,2021-03-18,55.77,51.98
280,2021-03-17,55.49,51.58
281,2021-03-16,55.69,51.73
282,2021-03-15,55.86,51.60
283,2021-03-12,56.14,52.03
284,2021-03-11,55.55,51.88
285,2021-03-10,55.99,51.81
286,2021-03-09,55.11,50.76
287,2021-03-08,55.52,51.15
288,2021-03-05,55.64,51.34
289,2021-03-04,55.92,51.72
290,2021-03-03,55.95,51.75
291,2021-03-02,55.90,51.67
292,2021-02-26,56.43,51.57
293,2021-02-25,55.87,51.87
294,2021-02-24,56.20,52.19
295,2021-02-23,56.38,51.98
296,2021-02-22,56.27,51.82
297,2021-02-19,55.64,51.58
298,2021-02-18,55.67,51.63
299,2021-02-17,55.93,51.48
300,2021-02-16,56.19,52.09
301,2021-02-15,56.07,52.27
302,2021-02-10,56.22,52.54
303,2021-02-09,56.51,52.50
304,2021-02-08,56.52,52.50
305,2021-02-05,56.14,51.71
306,2021-02-04,56.21,51.83
307,2021-02-03,55.97,51.92
308,2021-02-02,56.07,51.96
309,2021-02-01,56.27,52.07
310,2021-01-29,56.11,51.84
311,2021-01-28,56.13,51.27
312,2021-01-27,55.67,51.47
313,2021-01-26,55.44,51.23
314,2021-01-25,55.51,51.36
315,2021-01-22,55.63,51.27
316,2021-01-21,55.10,51.05
317,2021-01-20,55.18,51.12
318,2021-01-19,55.10,51.01
319,2021-01-18,55.19,50.65
320,2021-01-15,55.18,51.15
321,2021-01-14,55.05,50.86
322,2021-01-13,55.27,51.30
323,2021-01-12,54.93,50.80
324,2021-01-11,55.26,51.05
325,2021-01-08,55.18,50.90
326,2021-01-07,55.28,51.11
327,2021-01-06,55.22,51.08
328,2021-01-05,55.01,50.63
329,2021-01-04,54.56,50.73
330,2020-12-31,55.08,51.04
331,2020-12-30,55.00,51.17
332,2020-12-29,54.82,50.95
333,2020-12-28,55.24,51.44
334,2020-12-24,55.28,51.45
335,2020-12-23,55.29,51.15
336,2020-12-22,55.92,51.47
337,2020-12-21,55.74,51.35
338,2020-12-18,55.64,51.28
339,2020-12-17,54.98,50.85
340,2020-12-16,54.37,50.49
341,2020-12-15,54.60,50.36
342,2020-12-14,54.14,50.06
343,2020-12-11,54.30,50.03
344,2020-12-10,54.05,49.80
345,2020-12-09,53.93,49.87
346,2020-12-08,53.51,49.47
347,2020-12-07,53.69,49.76
348,2020-12-04,53.83,50.47
349,2020-12-03,54.20,50.61
350,2020-12-02,54.74,50.85
351,2020-12-01,54.44,50.18
352,2020-11-30,54.52,50.44
353,2020-11-27,54.32,50.37
354,2020-11-26,54.51,50.49
355,2020-11-25,54.41,50.56
356,2020-11-24,53.98,50.13
357,2020-11-23,54.05,50.12
358,2020-11-20,54.35,50.12
359,2020-11-19,54.27,49.74
360,2020-11-18,53.37,49.57
361,2020-11-17,53.67,49.74
362,2020-11-16,53.56,49.96
363,2020-11-13,53.61,49.58
364,2020-11-12,53.67,49.59
365,2020-11-11,53.77,49.89
366,2020-11-10,53.67,49.71
367,2020-11-09,53.95,50.29
368,2020-11-06,53.75,50.16
369,2020-11-05,53.16,49.63
370,2020-11-04,53.95,49.56
371,2020-11-03,52.57,48.72
372,2020-11-02,52.42,48.35
373,2020-10-30,52.30,48.37
374,2020-10-29,52.45,48.36
375,2020-10-28,52.73,48.61
376,2020-10-27,52.68,48.83
377,2020-10-26,53.11,49.39
378,2020-10-23,52.95,49.27
379,2020-10-22,53.41,49.38
380,2020-10-21,53.38,49.67
381,2020-10-20,53.12,49.31
382,2020-10-19,52.87,49.15
383,2020-10-16,53.03,49.03
384,2020-10-15,53.41,49.32
385,2020-10-14,53.02,49.31
386,2020-10-13,53.82,49.91
387,2020-10-12,54.28,50.50
388,2020-10-08,54.07,50.49
389,2020-10-07,54.27,50.32
390,2020-10-06,54.54,50.60
391,2020-10-05,54.20,50.54
392,2020-09-29,54.14,50.32
393,2020-09-28,54.28,50.15
394,2020-09-25,54.57,50.40
395,2020-09-24,54.82,50.36
396,2020-09-23,54.63,50.61
397,2020-09-22,54.43,50.31
398,2020-09-21,55.59,51.52
399,2020-09-18,55.63,52.15
400,2020-09-17,56.03,52.06
401,2020-09-16,56.21,52.27
402,2020-09-15,56.75,52.74
403,2020-09-14,57.02,52.98
404,2020-09-11,57.03,52.74
405,2020-09-10,57.11,53.02
406,2020-09-09,56.95,52.70
407,2020-09-08,57.31,52.97
408,2020-09-07,57.38,53.23
409,2020-09-04,57.65,53.29
410,2020-09-03,57.86,53.39
411,2020-09-02,58.21,53.77
412,2020-09-01,58.15,53.77
413,2020-08-31,58.42,54.06
414,2020-08-28,57.56,53.31
415,2020-08-27,57.60,53.50
416,2020-08-26,57.97,53.64
417,2020-08-25,57.96,53.76
418,2020-08-24,58.10,53.65
419,2020-08-21,58.48,54.06
420,2020-08-20,58.15,53.68
421,2020-08-19,58.19,54.17
422,2020-08-18,58.09,53.91
423,2020-08-14,57.88,53.50
424,2020-08-13,57.69,53.48
425,2020-08-12,57.38,53.16
426,2020-08-11,57.41,53.19
427,2020-08-10,57.51,53.12
428,2020-08-07,57.79,53.46
429,2020-08-06,58.33,54.16
430,2020-08-05,57.93,53.89
431,2020-08-04,57.70,53.41
432,2020-08-03,57.96,53.44
433,2020-07-31,58.08,53.81
434,2020-07-30,58.21,53.80
435,2020-07-29,57.53,53.30
436,2020-07-28,58.20,53.74
437,2020-07-27,57.47,53.35
438,2020-07-24,57.29,52.85
439,2020-07-23,56.70,52.39
440,2020-07-22,56.66,52.47
441,2020-07-21,55.60,51.76
442,2020-07-20,55.83,51.74
443,2020-07-17,55.55,51.37
444,2020-07-16,55.65,51.38
445,2020-07-15,55.50,51.63
446,2020-07-14,55.38,51.05
447,2020-07-13,55.15,51.01
448,2020-07-10,55.00,50.60
449,2020-07-09,54.87,50.86
450,2020-07-08,54.48,50.32
451,2020-07-07,54.77,50.75
452,2020-07-06,54.41,50.59
453,2020-07-03,54.66,50.76
454,2020-07-02,54.81,50.81
455,2020-07-01,54.69,50.50
456,2020-06-30,54.52,50.38
457,2020-06-29,54.41,50.29
458,2020-06-26,54.49,50.64
459,2020-06-25,54.73,50.62
460,2020-06-24,55.20,51.42
461,2020-06-23,55.14,51.27
462,2020-06-22,55.05,50.86
463,2020-06-19,54.79,50.97
464,2020-06-18,55.20,51.35
465,2020-06-17,55.41,51.09
466,2020-06-16,55.22,51.10
467,2020-06-15,55.22,50.82
468,2020-06-12,54.82,50.34
469,2020-06-11,55.27,51.15
470,2020-06-10,54.88,51.19
471,2020-06-09,55.05,51.18
472,2020-06-08,55.14,51.50
473,2020-06-05,55.57,51.76
474,2020-06-04,55.49,51.33
475,2020-06-03,55.25,51.43
476,2020-06-02,54.85,51.07
477,2020-06-01,54.71,51.08
478,2020-05-29,54.82,50.82
479,2020-05-28,54.33,50.11
480,2020-05-27,54.25,50.27
481,2020-05-26,53.28,49.70
482,2020-05-25,53.50,49.32
483,2020-05-22,54.09,49.71
484,2020-05-21,53.42,49.33
485,2020-05-20,52.74,48.63
486,2020-05-19,52.41,48.77
487,2020-05-18,52.07,48.07
488,2020-05-15,52.01,48.04
489,2020-05-14,52.22,48.30
490,2020-05-13,52.27,48.47
491,2020-05-12,52.08,47.85
492,2020-05-11,52.55,48.40
493,2020-05-08,52.46,48.80
494,2020-05-07,52.68,48.71
495,2020-05-06,52.99,49.22
496,2020-05-04,53.33,49.07
497,2020-04-29,52.33,48.79
498,2020-04-28,52.40,48.82
499,2020-04-27,52.85,49.26
500,2020-04-24,52.18,48.28
501,2020-04-23,52.11,48.48
502,2020-04-22,52.58,48.60
503,2020-04-21,52.63,48.31
504,2020-04-20,52.58,48.70
505,2020-04-17,52.58,49.11
506,2020-04-16,53.37,49.00
507,2020-04-14,53.38,49.54
508,2020-04-13,53.20,49.06
509,2020-04-10,52.89,49.21
510,2020-04-09,52.77,48.81
511,2020-04-08,53.02,49.06
512,2020-04-07,51.38,48.27
513,2020-04-06,51.72,47.84
514,2020-04-03,52.48,48.78
515,2020-04-02,52.81,48.63
516,2020-04-01,53.58,49.16
517,2020-03-31,53.39,49.42
518,2020-03-30,53.83,49.39
519,2020-03-27,53.66,49.89
520,2020-03-26,52.71,48.86
521,2020-03-25,51.79,48.98
522,2020-03-24,52.04,49.27
523,2020-03-23,53.34,48.92
524,2020-03-20,51.62,49.25
525,2020-03-19,54.07,48.48
526,2020-03-18,55.11,50.41
527,2020-03-17,54.75,49.82
528,2020-03-16,56.08,51.68
529,2020-03-13,56.22,51.37
530,2020-03-12,56.87,52.08
531,2020-03-11,56.78,52.79
532,2020-03-10,57.53,53.64
533,2020-03-09,58.00,53.25
534,2020-03-06,56.80,52.45
535,2020-03-05,56.33,52.24
536,2020-03-04,56.40,52.45
537,2020-03-03,56.28,52.45
538,2020-03-02,55.85,52.82
539,2020-02-28,56.79,52.84
540,2020-02-27,56.35,52.24
541,2020-02-26,56.60,52.23
542,2020-02-25,56.37,52.33
543,2020-02-24,56.86,52.15
544,2020-02-21,56.32,51.52
545,2020-02-20,56.27,51.57
546,2020-02-19,55.56,51.37
547,2020-02-18,56.07,51.58
548,2020-02-17,55.74,51.57
549,2020-02-14,55.68,51.51
550,2020-02-13,55.92,51.65
551,2020-02-12,55.76,51.86
552,2020-02-11,55.72,51.88
553,2020-02-10,56.06,51.89
554,2020-02-07,56.53,51.92
555,2020-02-06,56.05,52.13
556,2020-02-05,56.40,52.33
557,2020-02-04,56.26,52.48
558,2020-02-03,56.74,52.25
559,2020-01-31,56.31,51.71
560,2020-01-30,55.93,51.29
561,2020-01-29,55.64,51.41
562,2020-01-28,55.52,50.92
563,2020-01-23,55.65,51.41
564,2020-01-22,55.60,51.42
565,2020-01-21,55.70,51.22
566,2020-01-20,55.22,51.11
567,2020-01-17,55.41,51.31
568,2020-01-16,55.65,51.52
569,2020-01-15,55.22,51.00
570,2020-01-14,55.27,51.06
571,2020-01-13,54.89,51.08
572,2020-01-10,55.18,51.05
573,2020-01-09,55.17,51.69
574,2020-01-08,55.82,51.49
575,2020-01-07,55.81,51.86
576,2020-01-06,55.57,51.18
577,2020-01-03,55.60,51.02
578,2020-01-02,55.19,51.11
579,2019-12-31,55.01,51.05
580,2019-12-30,54.90,51.02
581,2019-12-27,54.69,50.61
582,2019-12-26,54.60,50.62
583,2019-12-24,54.63,50.53
584,2019-12-23,54.73,50.62
585,2019-12-20,54.85,50.98
586,2019-12-19,54.95,50.84
587,2019-12-18,55.28,51.15
588,2019-12-17,55.23,51.35
589,2019-12-16,55.33,51.15
590,2019-12-13,55.51,52.08
591,2019-12-12,56.01,52.07
592,2019-12-11,56.07,51.79
593,2019-12-10,55.77,51.55
594,2019-12-09,55.74,51.55
595,2019-12-06,55.83,51.74
596,2019-12-05,55.78,51.76
597,2019-12-04,55.93,51.51
598,2019-12-03,55.59,51.17
599,2019-12-02,55.19,50.90
600,2019-11-29,54.82,50.78
601,2019-11-28,54.89,50.70
602,2019-11-27,54.95,50.73
603,2019-11-26,54.93,50.80
604,2019-11-25,54.95,50.91
605,2019-11-22,55.00,50.96
606,2019-11-21,55.15,50.78
607,2019-11-20,54.78,50.65
608,2019-11-19,54.58,50.43
609,2019-11-18,54.34,50.37
610,2019-11-15,54.30,50.41
611,2019-11-14,54.41,50.26
612,2019-11-13,54.32,50.14
613,2019-11-12,54.34,50.23
614,2019-11-11,54.48,49.99
615,2019-11-08,54.10,50.23
616,2019-11-07,54.17,50.18
617,2019-11-06,54.31,50.35
618,2019-11-05,54.42,50.56
619,2019-11-04,54.86,51.09
620,2019-11-01,55.09,50.78
621,2019-10-31,54.96,51.05
622,2019-10-30,54.83,50.75
623,2019-10-29,54.78,50.86
624,2019-10-28,54.86,50.93
625,2019-10-25,54.96,50.78
626,2019-10-24,55.14,51.04
627,2019-10-23,55.01,50.97
628,2019-10-22,55.30,51.23
629,2019-10-21,55.06,51.38
630,2019-10-18,55.22,51.37
631,2019-10-17,54.79,51.03
632,2019-10-16,55.02,50.68
633,2019-10-15,54.71,50.54
634,2019-10-14,54.66,50.82
635,2019-10-11,54.57,50.98
636,2019-10-10,54.98,50.87
637,2019-10-08,54.98,50.94
638,2019-10-07,55.25,51.09
639,2019-10-04,55.10,51.34
640,2019-10-02,55.22,50.80
641,2019-10-01,54.79,50.66
642,2019-09-30,54.78,50.85
643,2019-09-27,54.75,50.68
644,2019-09-26,55.13,50.95
645,2019-09-25,55.23,50.86
646,2019-09-24,54.77,50.69
647,2019-09-23,55.12,50.73
648,2019-09-20,54.71,50.96
649,2019-09-19,54.95,50.73
650,2019-09-18,55.08,50.78
651,2019-09-17,54.72,50.39
652,2019-09-16,54.78,51.06
653,2019-09-11,55.12,50.92
654,2019-09-10,54.98,50.97
655,2019-09-09,54.98,51.03
656,2019-09-06,55.19,51.24
657,2019-09-05,55.40,51.61
658,2019-09-04,55.32,51.58
659,2019-09-03,55.58,51.32
660,2019-09-02,55.44,51.24
661,2019-08-30,55.76,51.90
662,2019-08-29,56.11,51.99
663,2019-08-28,56.30,52.07
664,2019-08-27,56.38,52.42
665,2019-08-26,56.50,52.20
666,2019-08-23,56.19,51.80
667,2019-08-22,56.10,51.77
668,2019-08-21,55.97,52.09
669,2019-08-20,56.05,52.00
670,2019-08-19,56.34,52.29
671,2019-08-16,56.23,52.09
672,2019-08-14,56.68,52.72
673,2019-08-13,57.29,52.75
674,2019-08-12,57.11,52.48
675,2019-08-09,56.72,52.54
676,2019-08-08,56.82,52.80
677,2019-08-07,57.15,52.84
678,2019-08-06,57.15,52.74
679,2019-08-05,56.61,51.54
680,2019-08-02,55.63,51.04
681,2019-08-01,55.33,50.94
682,2019-07-31,55.57,51.39
683,2019-07-30,55.41,51.41
684,2019-07-29,55.66,51.53
685,2019-07-26,55.86,51.50
686,2019-07-25,55.70,51.45
687,2019-07-24,55.50,51.42
688,2019-07-23,55.85,51.68
689,2019-07-22,55.81,51.53
690,2019-07-19,55.94,51.97
691,2019-07-18,55.80,51.74
692,2019-07-17,55.83,51.63
693,2019-07-16,56.03,51.89
694,2019-07-15,56.16,51.86
695,2019-07-12,55.94,51.61
696,2019-07-11,55.78,51.97
697,2019-07-10,55.93,51.73
698,2019-07-09,56.18,51.79
699,2019-07-08,56.09,51.52
700,2019-07-05,56.07,51.83
701,2019-07-04,56.09,51.93
702,2019-07-03,56.09,51.68
703,2019-07-02,55.92,51.26
704,2019-07-01,56.13,51.70
705,2019-06-28,55.76,51.68
706,2019-06-27,55.92,51.80
707,2019-06-26,55.89,51.59
708,2019-06-25,55.69,51.63
709,2019-06-24,55.51,51.61
710,2019-06-21,55.43,51.52
711,2019-06-20,54.98,51.57
712,2019-06-19,55.57,51.81
713,2019-06-18,56.21,52.07
714,2019-06-17,56.30,51.99
715,2019-06-14,56.50,52.28
716,2019-06-13,56.43,52.15
717,2019-06-12,56.52,52.27
718,2019-06-11,56.33,52.27
719,2019-06-10,56.61,52.11
720,2019-06-07,56.26,51.90
721,2019-06-05,55.70,51.71
722,2019-06-04,55.71,51.54
723,2019-06-03,55.18,51.52
724,2019-05-31,55.45,51.28
725,2019-05-30,55.40,51.38
726,2019-05-29,55.72,51.29
727,2019-05-28,55.58,51.28
728,2019-05-27,55.54,51.62
729,2019-05-24,55.49,51.50
730,2019-05-23,55.54,51.63
731,2019-05-22,55.71,51.69
732,2019-05-21,55.92,51.67
733,2019-05-20,55.89,51.66
734,2019-05-17,56.14,51.70
735,2019-05-16,56.05,51.81
736,2019-05-15,55.95,51.66
737,2019-05-14,55.96,51.56
738,2019-05-13,55.99,51.42
739,2019-05-10,55.44,51.25
740,2019-05-09,55.54,50.92
741,2019-05-08,54.98,50.89
742,2019-05-07,54.90,50.94
743,2019-05-03,54.95,50.62
744,2019-05-02,54.98,50.87
745,2019-04-30,54.91,50.48
746,2019-04-29,54.31,50.31
747,2019-04-26,54.21,50.17
748,2019-04-25,54.41,49.69
749,2019-04-24,54.19,49.76
750,2019-04-23,54.00,49.95
751,2019-04-22,53.94,49.75
752,2019-04-19,53.65,49.69
753,2019-04-18,54.06,50.02
754,2019-04-17,53.78,49.91
755,2019-04-16,54.06,49.98
756,2019-04-15,54.04,50.35
757,2019-04-12,54.05,50.09
758,2019-04-11,54.20,50.28
759,2019-04-10,54.06,50.23
760,2019-04-09,54.11,50.13
761,2019-04-08,54.09,49.71
762,2019-04-05,53.74,49.65
763,2019-04-04,53.73,49.65
764,2019-04-03,53.38,49.45
765,2019-04-02,53.40,49.25
766,2019-04-01,53.23,49.38
767,2019-03-29,53.37,49.48
768,2019-03-28,53.63,49.54
769,2019-03-27,53.77,49.59
770,2019-03-26,53.80,49.86
771,2019-03-25,53.74,49.54
772,2019-03-22,54.23,49.89
773,2019-03-21,54.29,50.37
774,2019-03-20,54.08,50.12
775,2019-03-19,54.07,50.18
776,2019-03-18,53.97,50.15
777,2019-03-15,54.10,49.90
778,2019-03-14,54.07,49.99
779,2019-03-13,53.83,49.66
780,2019-03-12,53.61,49.83
781,2019-03-11,53.66,49.71
782,2019-03-08,53.64,49.30
783,2019-03-07,53.84,49.83
784,2019-03-06,53.78,49.67
785,2019-03-05,53.80,49.76
786,2019-03-04,53.98,49.72
787,2019-02-28,53.89,49.59
788,2019-02-27,53.71,49.70
789,2019-02-26,53.48,49.65
790,2019-02-25,53.49,49.75
791,2019-02-22,53.70,49.72
792,2019-02-21,53.77,49.64
793,2019-02-20,53.58,49.80
794,2019-02-19,53.55,49.47
795,2019-02-18,53.46,49.58
796,2019-02-15,53.43,49.29
797,2019-02-14,53.10,48.95
798,2019-02-13,53.14,49.28
799,2019-02-12,52.89,49.01
800,2019-02-11,53.31,49.33
801,2019-02-08,53.37,49.42
802,2019-02-07,53.56,49.21
803,2019-02-01,53.76,49.40
804,2019-01-31,53.57,49.79
805,2019-01-30,53.56,49.61
806,2019-01-29,53.58,49.54
807,2019-01-28,53.70,50.02
808,2019-01-25,53.25,49.56
809,2019-01-24,54.05,49.99
810,2019-01-23,54.03,50.11
811,2019-01-22,54.33,50.06
812,2019-01-21,54.29,49.84
813,2019-01-18,54.02,50.00
814,2019-01-17,54.10,50.05
815,2019-01-16,54.11,50.03
816,2019-01-15,54.34,50.34
817,2019-01-14,54.42,50.11
818,2019-01-11,54.20,50.30
819,2019-01-10,54.42,50.51
820,2019-01-09,54.15,50.07
821,2019-01-08,54.54,50.19
822,2019-01-07,53.96,50.20
823,2019-01-04,53.95,50.08
824,2019-01-03,53.63,49.27
825,2019-01-02,53.90,49.80
826,2018-12-31,53.46,49.68
827,2018-12-28,53.33,49.62
828,2018-12-27,53.07,49.37
829,2018-12-26,53.65,49.65
830,2018-12-24,53.47,49.45
831,2018-12-21,53.89,50.16
832,2018-12-20,53.83,49.74
833,2018-12-19,53.73,49.91
834,2018-12-18,53.71,49.82
835,2018-12-17,53.56,49.49
836,2018-12-14,53.88,49.45
837,2018-12-13,53.46,49.61
838,2018-12-12,53.41,49.45
839,2018-12-11,53.62,49.38
840,2018-12-10,53.66,49.28
841,2018-12-07,53.20,49.13
842,2018-12-06,52.89,48.78
843,2018-12-05,52.62,48.54
844,2018-12-04,52.32,48.77
845,2018-12-03,52.39,48.88
846,2018-11-30,53.19,49.21
847,2018-11-29,53.07,49.48
848,2018-11-28,53.10,49.22
849,2018-11-27,53.29,49.36
850,2018-11-26,53.34,49.45
851,2018-11-23,53.62,49.51
852,2018-11-22,53.43,49.52
853,2018-11-21,53.33,49.26
854,2018-11-20,53.62,49.63
855,2018-11-19,53.48,49.56
856,2018-11-16,53.10,49.21
857,2018-11-15,53.10,49.27
858,2018-11-14,53.47,49.51
859,2018-11-13,53.01,49.02
860,2018-11-12,53.58,49.12
861,2018-11-09,53.55,49.12
862,2018-11-08,53.19,49.49
863,2018-11-07,53.49,49.58
864,2018-11-06,53.69,49.63
865,2018-11-05,53.55,49.70
866,2018-11-02,53.35,50.28
867,2018-11-01,53.41,49.71
868,2018-10-31,53.92,49.98
869,2018-10-30,54.08,50.05
870,2018-10-29,54.47,50.37
871,2018-10-26,54.20,50.07
872,2018-10-25,54.11,49.89
873,2018-10-24,54.47,50.54
874,2018-10-23,54.41,50.22
875,2018-10-22,54.33,50.46
876,2018-10-19,54.15,50.14
877,2018-10-18,54.54,50.08
878,2018-10-17,54.52,50.56
879,2018-10-16,54.56,50.84
880,2018-10-15,54.78,50.73
881,2018-10-12,54.96,51.30
882,2018-10-11,54.95,50.47
883,2018-10-10,54.65,50.41
884,2018-10-08,54.85,50.55
885,2018-10-05,54.48,50.40
886,2018-10-04,54.46,49.85
887,2018-10-02,54.37,49.86
888,2018-10-01,54.00,50.00
889,2018-09-28,54.27,50.42
890,2018-09-27,55.04,51.17
891,2018-09-21,55.53,51.61
892,2018-09-20,55.29,51.37
893,2018-09-19,55.52,51.71
894,2018-09-18,55.65,51.66
895,2018-09-17,55.54,51.08
896,2018-09-14,55.35,51.37
897,2018-09-13,55.12,51.23
898,2018-09-12,55.09,50.96
899,2018-09-11,55.06,51.00
900,2018-09-10,54.76,50.51
901,2018-09-07,54.85,50.67
902,2018-09-06,54.69,50.51
903,2018-09-05,54.61,50.15
904,2018-09-04,54.37,50.26
905,2018-09-03,54.07,50.16
906,2018-08-31,54.55,50.18
907,2018-08-30,54.52,50.44
908,2018-08-29,54.68,50.50
909,2018-08-28,54.35,50.61
910,2018-08-27,54.34,50.66
911,2018-08-24,54.18,50.27
912,2018-08-23,54.59,50.43
913,2018-08-22,54.43,50.30
914,2018-08-21,53.90,50.09
915,2018-08-20,53.85,50.03
916,2018-08-17,53.69,49.97
917,2018-08-16,53.84,49.86
918,2018-08-14,53.92,50.20
919,2018-08-13,54.37,50.03
920,2018-08-10,54.88,50.32
921,2018-08-09,54.81,50.76
922,2018-08-08,54.78,51.02
923,2018-08-07,54.63,50.65
924,2018-08-06,54.77,50.85
925,2018-08-03,55.04,50.70
926,2018-08-02,55.56,51.02
927,2018-08-01,55.22,51.10
928,2018-07-31,55.35,51.09
929,2018-07-30,55.03,50.95
930,2018-07-27,54.82,50.82
931,2018-07-26,55.33,51.61
932,2018-07-25,55.29,51.64
933,2018-07-24,55.36,51.07
934,2018-07-23,55.58,51.53
935,2018-07-20,55.13,50.82
936,2018-07-19,55.44,50.87
937,2018-07-18,55.12,50.72
938,2018-07-17,54.99,51.09
939,2018-07-16,54.97,50.67
940,2018-07-13,54.98,50.71
941,2018-07-12,54.82,50.45
942,2018-07-11,55.20,50.60
943,2018-07-10,54.76,50.55
944,2018-07-09,54.51,50.69
945,2018-07-06,54.33,50.43
946,2018-07-05,54.11,49.94
947,2018-07-04,53.75,50.04
948,2018-07-03,53.75,49.85
949,2018-07-02,54.31,50.24
950,2018-06-29,53.65,50.01
951,2018-06-28,54.12,49.82
952,2018-06-27,54.34,50.12
953,2018-06-26,54.48,50.46
954,2018-06-25,54.56,50.13
955,2018-06-22,53.65,49.77
956,2018-06-21,53.83,49.64
957,2018-06-20,53.60,49.58
958,2018-06-19,54.27,49.78
959,2018-06-18,53.83,49.29
960,2018-06-15,53.33,48.71
961,2018-06-14,53.68,49.37
962,2018-06-12,53.34,49.30
963,2018-06-11,53.14,49.07
964,2018-06-08,53.25,48.90
965,2018-06-07,52.93,49.09
966,2018-06-05,52.62,48.72
967,2018-06-04,52.23,48.60
968,2018-06-01,52.59,48.77
969,2018-05-31,52.50,48.79
970,2018-05-30,51.95,47.89
971,2018-05-29,52.68,48.48
972,2018-05-28,52.72,49.03
973,2018-05-25,52.90,49.06
974,2018-05-24,52.87,49.02
975,2018-05-23,53.57,49.72
976,2018-05-21,53.75,49.57
977,2018-05-18,53.82,49.77
978,2018-05-17,54.09,49.96
979,2018-05-16,54.04,49.62
980,2018-05-15,54.27,49.90
981,2018-05-14,54.10,50.10
982,2018-05-11,54.03,50.33
983,2018-05-10,53.71,50.13
984,2018-05-09,54.21,50.03
985,2018-05-08,54.46,50.30
986,2018-05-04,54.65,50.59
987,2018-05-03,54.21,50.19
988,2018-05-02,54.25,49.84
989,2018-04-30,54.99,51.23
990,2018-04-27,55.24,51.30
991,2018-04-26,55.77,51.55
992,2018-04-25,56.11,51.79
993,2018-04-24,55.87,51.32
994,2018-04-23,56.26,51.69
995,2018-04-20,56.39,51.83
996,2018-04-19,56.11,52.20
997,2018-04-18,56.41,52.29
998,2018-04-17,56.53,52.58
999,2018-04-16,56.50,52.12
1000,2018-04-13,56.18,52.05
1001,2018-04-12,56.45,52.08
1002,2018-04-11,56.32,52.12
1003,2018-04-10,56.03,51.90
1004,2018-04-09,55.93,51.56
1005,2018-04-06,55.84,51.23
1006,2018-04-05,55.59,51.31
1007,2018-04-04,55.56,51.27
1008,2018-04-03,55.35,51.31
1009,2018-04-02,55.37,51.63
1010,2018-03-30,55.54,51.69
1011,2018-03-29,55.66,51.71
1012,2018-03-28,56.31,52.20
1013,2018-03-27,56.65,52.88
1014,2018-03-26,56.54,52.51
1015,2018-03-23,56.57,51.85
1016,2018-03-22,56.28,52.08
1017,2018-03-21,55.78,51.59
1018,2018-03-20,56.12,51.99
1019,2018-03-19,55.97,51.70
1020,2018-03-16,55.80,51.63
1021,2018-03-15,55.92,51.83
1022,2018-03-14,55.90,51.80
1023,2018-03-13,55.78,51.57
1024,2018-03-12,55.68,51.67
1025,2018-03-09,56.05,51.78
1026,2018-03-08,56.47,52.17
1027,2018-03-07,56.46,52.60
1028,2018-03-06,56.52,52.46
1029,2018-03-05,56.80,52.60
1030,2018-03-02,56.25,52.20
1031,2018-02-28,56.21,51.55
1032,2018-02-27,56.17,52.11
1033,2018-02-26,56.21,52.32
1034,2018-02-23,56.79,52.69
1035,2018-02-22,56.65,52.07
1036,2018-02-21,56.60,52.13
1037,2018-02-20,56.85,52.37
1038,2018-02-19,56.53,52.91
1039,2018-02-14,56.67,52.69
1040,2018-02-13,56.81,52.53
1041,2018-02-12,56.53,52.71
1042,2018-02-09,56.79,52.52
1043,2018-02-08,57.18,52.58
1044,2018-02-07,57.55,53.75
1045,2018-02-06,57.69,53.48
1046,2018-02-05,57.96,53.06
1047,2018-02-02,58.10,53.16
1048,2018-02-01,56.78,52.59
1049,2018-01-31,56.48,52.50
1050,2018-01-30,56.73,52.11
1051,2018-01-29,56.61,52.25
1052,2018-01-26,56.22,51.88
1053,2018-01-25,56.05,52.28
1054,2018-01-24,55.83,51.81
1055,2018-01-23,55.99,51.58
1056,2018-01-22,55.74,51.47
1057,2018-01-19,55.60,51.63
1058,2018-01-18,55.44,51.15
1059,2018-01-17,55.70,51.30
1060,2018-01-16,55.23,50.98
1061,2018-01-15,54.95,50.92
1062,2018-01-12,54.24,50.55
1063,2018-01-11,54.08,50.08
1064,2018-01-10,54.03,49.84
1065,2018-01-09,54.15,49.89
1066,2018-01-08,54.36,50.08
1067,2018-01-05,54.32,50.38
1068,2018-01-04,54.12,50.17
1069,2018-01-03,54.41,50.35
1070,2018-01-02,53.92,50.37
1071,2017-12-29,53.81,50.00
1072,2017-12-28,53.60,49.83
1073,2017-12-27,53.43,49.57
1074,2017-12-26,53.58,49.75
1075,2017-12-22,53.88,49.89
1076,2017-12-21,53.97,50.06
1077,2017-12-20,53.96,50.12
1078,2017-12-19,53.64,49.94
1079,2017-12-18,53.70,49.84
1080,2017-12-15,53.91,49.76
1081,2017-12-14,54.18,50.33
1082,2017-12-13,54.07,49.92
1083,2017-12-12,54.21,50.23
1084,2017-12-11,54.29,50.34
1085,2017-12-08,54.34,50.32
1086,2017-12-07,54.42,50.30
1087,2017-12-06,54.49,50.01
1088,2017-12-05,54.51,50.46
1089,2017-12-04,54.65,50.53
1090,2017-12-01,54.65,50.64
1091,2017-11-30,54.69,50.32
1092,2017-11-29,54.03,50.59
1093,2017-11-28,54.65,50.87
1094,2017-11-27,55.13,50.87
1095,2017-11-24,54.66,50.71
1096,2017-11-23,54.42,50.63
1097,2017-11-22,54.18,50.51
1098,2017-11-21,54.20,50.47
1099,2017-11-20,54.61,50.40
1100,2017-11-17,54.71,50.87
1101,2017-11-16,54.50,51.20
1102,2017-11-15,55.27,51.52
1103,2017-11-14,55.05,51.14
1104,2017-11-13,55.17,50.94
1105,2017-11-10,55.09,50.81
1106,2017-11-09,54.61,50.50
1107,2017-11-08,54.61,50.44
1108,2017-11-07,54.68,50.72
1109,2017-11-06,54.39,50.32
1110,2017-11-03,54.62,50.51
1111,2017-11-02,54.66,50.76
1112,2017-11-01,54.66,50.90
1113,2017-10-31,54.82,51.04
1114,2017-10-30,54.97,51.15
1115,2017-10-27,55.28,50.95
1116,2017-10-26,56.16,52.08
1117,2017-10-25,55.96,51.84
1118,2017-10-24,55.78,51.82
1119,2017-10-23,55.95,51.88
1120,2017-10-20,56.35,52.15
1121,2017-10-19,56.11,51.85
1122,2017-10-18,55.83,51.70
1123,2017-10-17,55.89,51.52
1124,2017-10-16,55.71,51.73
1125,2017-10-13,55.74,51.82
1126,2017-10-12,56.09,52.03
1127,2017-10-11,55.94,51.95
1128,2017-10-10,55.65,51.98
1129,2017-09-29,56.00,51.94
1130,2017-09-28,55.94,51.42
1131,2017-09-27,55.96,51.46
1132,2017-09-26,55.91,51.45
1133,2017-09-25,55.96,52.01
1134,2017-09-22,56.08,51.88
1135,2017-09-21,55.74,51.43
1136,2017-09-20,56.01,51.94
1137,2017-09-19,55.91,51.62
1138,2017-09-18,55.74,51.86
1139,2017-09-15,55.84,51.78
1140,2017-09-14,55.78,51.37
1141,2017-09-13,55.92,51.81
1142,2017-09-12,55.90,51.81
1143,2017-09-11,56.25,51.87
1144,2017-09-08,56.19,51.99
1145,2017-09-07,55.70,51.80
1146,2017-09-06,55.98,51.67
1147,2017-09-05,55.76,51.64
1148,2017-09-04,55.68,51.22
1149,2017-09-01,55.23,51.33
1150,2017-08-31,55.51,51.27
1151,2017-08-30,55.58,51.63
1152,2017-08-29,55.69,51.35
1153,2017-08-28,55.46,51.72
1154,2017-08-25,54.95,50.95
1155,2017-08-24,55.09,51.15
1156,2017-08-23,55.13,51.21
1157,2017-08-22,55.46,51.48
1158,2017-08-21,55.43,51.48
1159,2017-08-18,55.41,51.11
1160,2017-08-17,55.51,51.50
1161,2017-08-16,55.36,51.11
1162,2017-08-14,55.60,51.78
1163,2017-08-11,55.51,51.28
1164,2017-08-10,55.39,50.97
1165,2017-08-09,55.30,50.63
1166,2017-08-08,54.95,50.87
1167,2017-08-07,55.00,50.80
1168,2017-08-04,55.41,51.44
1169,2017-08-03,55.31,51.01
1170,2017-08-02,54.74,50.46
1171,2017-08-01,54.91,50.85
1172,2017-07-31,54.55,50.49
1173,2017-07-28,54.32,49.87
1174,2017-07-27,54.18,50.45
1175,2017-07-26,54.12,49.91
1176,2017-07-25,53.90,49.87
1177,2017-07-24,53.88,50.23
1178,2017-07-21,53.91,50.22
1179,2017-07-20,53.76,49.58
1180,2017-07-19,53.61,49.80
1181,2017-07-18,53.47,49.66
1182,2017-07-17,53.64,49.99
1183,2017-07-14,53.48,49.66
1184,2017-07-13,53.67,50.09
1185,2017-07-12,54.31,50.49
1186,2017-07-11,54.28,50.23
1187,2017-07-10,54.33,50.50
1188,2017-07-07,54.47,50.40
1189,2017-07-06,54.33,49.99
1190,2017-07-05,54.11,49.92
1191,2017-07-04,53.97,49.82
1192,2017-07-03,54.31,50.07
1193,2017-06-30,53.81,49.68
1194,2017-06-29,53.30,49.40
1195,2017-06-28,53.24,48.95
1196,2017-06-27,52.16,48.25
1197,2017-06-26,52.32,48.59
1198,2017-06-23,52.04,48.34
1199,2017-06-22,52.40,48.50
1200,2017-06-21,52.31,48.18
1201,2017-06-20,52.32,48.20
1202,2017-06-19,52.43,48.52
1203,2017-06-16,52.02,47.68
1204,2017-06-15,52.09,48.20
1205,2017-06-14,52.07,48.38
1206,2017-06-13,52.13,48.15
1207,2017-06-12,52.20,47.97
1208,2017-06-09,51.68,47.91
1209,2017-06-08,51.87,48.02
1210,2017-06-07,51.93,47.93
1211,2017-06-05,51.69,48.01
1212,2017-06-02,51.66,47.73
1213,2017-06-01,51.69,47.87
1214,2017-05-31,50.98,47.43
1215,2017-05-30,51.04,47.07
1216,2017-05-29,51.25,47.37
1217,2017-05-26,51.21,47.39
1218,2017-05-25,51.17,47.75
1219,2017-05-24,51.40,47.41
1220,2017-05-23,51.48,47.36
1221,2017-05-22,51.09,47.68
1222,2017-05-19,50.70,47.05
1223,2017-05-18,51.18,47.11
1224,2017-05-17,50.86,47.01
1225,2017-05-16,50.14,46.69
1226,2017-05-15,49.88,46.36
1227,2017-05-12,49.71,46.19
1228,2017-05-11,49.86,46.41
1229,2017-05-10,50.14,46.28
1230,2017-05-08,50.23,46.47
1231,2017-05-04,49.88,46.05
1232,2017-05-02,49.60,46.03
1233,2017-04-28,49.42,45.44
1234,2017-04-27,49.66,45.64
1235,2017-04-26,49.60,45.99
1236,2017-04-25,49.25,45.79
1237,2017-04-24,49.44,46.04
1238,2017-04-21,48.84,45.47
1239,2017-04-20,48.97,45.42
1240,2017-04-19,49.32,45.58
1241,2017-04-18,49.28,45.33
1242,2017-04-17,48.79,45.25
1243,2017-04-14,49.04,45.03
1244,2017-04-13,48.81,45.74
1245,2017-04-12,48.99,45.59
1246,2017-04-11,49.29,45.44
1247,2017-04-10,49.08,45.15
1248,2017-04-07,48.93,45.23
1249,2017-04-06,48.21,44.36
1250,2017-04-05,47.95,44.18
1251,2017-04-04,47.83,43.91
1252,2017-04-03,47.57,44.11
1253,2017-03-31,47.50,43.92
1254,2017-03-30,48.04,44.35
1255,2017-03-29,48.17,44.51
1256,2017-03-28,48.34,44.79
1257,2017-03-27,48.01,44.86
1258,2017-03-24,48.36,44.67
1259,2017-03-23,48.39,44.89
1260,2017-03-22,48.54,44.72
1261,2017-03-21,48.02,44.67
1262,2017-03-20,48.03,44.98
1263,2017-03-17,48.77,45.12
1264,2017-03-16,48.56,45.54
1265,2017-03-15,48.53,45.05
1266,2017-03-14,48.94,45.23
1267,2017-03-13,48.98,45.78
1268,2017-03-10,48.89,45.24
1269,2017-03-09,48.84,44.74
1270,2017-03-08,48.54,45.01
1271,2017-03-07,48.65,45.25
1272,2017-03-06,49.02,45.29
1273,2017-03-03,48.63,44.40
1274,2017-03-02,48.23,44.18
1275,2017-02-28,47.76,44.36
1276,2017-02-27,47.88,44.20
1277,2017-02-24,47.85,44.60
1278,2017-02-23,48.04,44.56
1279,2017-02-22,48.13,44.72
1280,2017-02-21,48.63,45.08
1281,2017-02-20,48.75,45.01
1282,2017-02-17,48.95,44.99
1283,2017-02-16,48.28,44.77
1284,2017-02-15,48.27,44.80
1285,2017-02-14,48.26,45.16
1286,2017-02-13,48.90,45.29
1287,2017-02-10,48.89,45.18
1288,2017-02-09,48.95,45.33
1289,2017-02-08,48.98,45.14
1290,2017-02-07,49.22,45.25
1291,2017-02-06,49.04,45.77
1292,2017-02-03,49.45,45.77
1293,2017-02-02,49.32,46.03
1294,2017-02-01,49.87,46.60
1295,2017-01-31,49.83,45.87
1296,2017-01-26,49.91,46.39
1297,2017-01-25,50.03,46.22
1298,2017-01-24,50.22,46.49
1299,2017-01-23,49.91,46.46
1300,2017-01-20,50.01,46.43
1301,2017-01-19,50.00,45.88
1302,2017-01-18,49.95,46.81
1303,2017-01-17,49.56,46.32
1304,2017-01-16,50.39,46.34
1305,2017-01-13,49.82,46.45
1306,2017-01-12,49.79,46.85
1307,2017-01-11,50.47,46.82
1308,2017-01-10,50.65,47.24
1309,2017-01-09,50.76,46.34
1310,2017-01-06,50.61,46.79
1311,2017-01-05,49.76,46.84
1312,2017-01-04,50.05,46.51
1313,2017-01-03,50.42,46.76
1314,2017-01-02,50.91,47.10
1315,2016-12-30,50.37,46.90
1316,2016-12-29,50.31,46.56
1317,2016-12-28,50.57,46.65
1318,2016-12-27,50.47,46.40
1319,2016-12-26,50.22,46.55
1320,2016-12-23,50.22,46.26
1321,2016-12-22,50.10,46.08
1322,2016-12-21,49.59,45.82
1323,2016-12-20,49.65,45.67
1324,2016-12-19,49.65,45.78
1325,2016-12-16,49.38,45.51
1326,2016-12-15,49.60,45.46
1327,2016-12-14,49.65,45.84
1328,2016-12-13,49.59,46.05
1329,2016-12-12,49.29,45.50
1330,2016-12-09,49.46,45.49
1331,2016-12-08,49.79,46.54
1332,2016-12-07,50.03,46.37
1333,2016-12-06,50.33,46.70
1334,2016-12-05,49.36,45.62
1335,2016-12-02,49.90,46.20
1336,2016-12-01,49.46,45.76
1337,2016-11-30,49.71,45.99
1338,2016-11-29,49.63,45.91
1339,2016-11-28,49.45,46.23
1340,2016-11-25,49.61,46.19
1341,2016-11-24,49.76,45.84
1342,2016-11-23,50.00,46.22
1343,2016-11-22,49.97,46.55
1344,2016-11-21,49.95,46.31
1345,2016-11-18,50.31,46.17
1346,2016-11-17,50.23,46.23
1347,2016-11-16,50.19,46.36
1348,2016-11-15,50.11,46.49
1349,2016-11-14,50.80,46.70
1350,2016-11-11,50.72,46.36
1351,2016-11-10,50.30,46.29
1352,2016-11-09,50.44,46.33
1353,2016-11-08,50.09,46.67
1354,2016-11-07,50.66,46.92
1355,2016-11-04,50.78,46.88
1356,2016-11-03,50.65,47.17
1357,2016-11-02,50.71,46.71
1358,2016-11-01,50.10,46.48
1359,2016-10-31,50.22,46.51
1360,2016-10-28,49.90,45.98
1361,2016-10-27,49.80,45.72
1362,2016-10-26,49.38,45.81
1363,2016-10-25,49.24,45.65
1364,2016-10-24,49.19,45.68
1365,2016-10-21,49.63,45.46
1366,2016-10-20,49.44,45.62
1367,2016-10-19,49.24,46.00
1368,2016-10-18,49.58,46.42
1369,2016-10-17,49.96,46.00
1370,2016-10-14,50.02,46.25
1371,2016-10-13,50.03,45.77
1372,2016-10-12,49.69,45.73
1373,2016-10-11,49.98,45.81
1374,2016-10-10,49.65,46.24
1375,2016-10-07,49.66,45.84
1376,2016-10-06,49.91,46.20
1377,2016-10-05,49.87,45.82
1378,2016-10-04,49.66,45.73
1379,2016-09-30,49.42,45.53
1380,2016-09-29,49.35,45.50
1381,2016-09-28,49.26,45.81
1382,2016-09-27,49.49,46.09
1383,2016-09-26,49.77,45.91
1384,2016-09-23,49.42,45.76
1385,2016-09-22,49.36,46.24
1386,2016-09-21,49.78,46.21
1387,2016-09-20,50.13,46.34
1388,2016-09-19,49.92,45.93
1389,2016-09-13,50.28,46.20
1390,2016-09-12,50.15,45.72
1391,2016-09-09,49.56,45.59
1392,2016-09-08,49.05,45.48
1393,2016-09-07,49.04,45.99
1394,2016-09-06,49.36,45.71
1395,2016-09-05,49.24,46.15
1396,2016-09-02,50.03,46.37
1397,2016-09-01,50.03,46.14
1398,2016-08-31,49.65,46.14
1399,2016-08-30,50.01,46.58
1400,2016-08-29,50.28,46.17
1401,2016-08-26,50.29,46.74
1402,2016-08-25,50.23,46.76
1403,2016-08-24,50.65,46.76
1404,2016-08-23,50.57,47.13
1405,2016-08-22,50.92,46.70
1406,2016-08-19,50.97,46.46
1407,2016-08-18,50.04,46.06
1408,2016-08-17,50.20,45.69
1409,2016-08-16,48.90,45.57
1410,2016-08-12,49.22,45.29
1411,2016-08-11,49.12,45.35
1412,2016-08-10,48.70,45.54
1413,2016-08-09,48.99,45.63
1414,2016-08-08,49.11,45.61
1415,2016-08-05,49.31,45.86
1416,2016-08-04,49.68,45.96
1417,2016-08-03,50.14,46.03
1418,2016-08-02,49.46,45.89
1419,2016-08-01,49.42,46.38
1420,2016-07-29,49.70,46.12
1421,2016-07-28,49.77,46.41
1422,2016-07-27,49.89,46.29
1423,2016-07-26,49.93,46.25
1424,2016-07-25,49.89,46.06
1425,2016-07-22,50.17,46.53
1426,2016-07-21,50.01,46.49
1427,2016-07-20,50.29,46.42
1428,2016-07-19,50.43,46.57
1429,2016-07-18,50.24,46.35
1430,2016-07-15,50.37,46.94
1431,2016-07-14,50.39,47.05
1432,2016-07-13,50.73,47.03
1433,2016-07-12,50.71,46.94
1434,2016-07-11,50.68,47.39
1435,2016-07-08,51.27,47.32
1436,2016-07-07,51.15,47.78
1437,2016-07-06,51.46,47.16
1438,2016-07-05,51.49,47.28
1439,2016-07-04,50.96,47.15
1440,2016-07-01,50.84,47.28
1441,2016-06-30,50.94,47.79
1442,2016-06-29,51.01,47.98
1443,2016-06-28,51.37,47.97
1444,2016-06-27,52.02,47.69
1445,2016-06-24,53.26,48.29
1446,2016-06-23,52.05,48.42
1447,2016-06-22,51.85,48.17
1448,2016-06-21,52.07,48.65
1449,2016-06-20,52.46,49.01
1450,2016-06-17,52.58,48.57
1451,2016-06-16,52.66,48.92
1452,2016-06-15,52.54,48.58
1453,2016-06-14,53.24,49.01
1454,2016-06-13,52.77,48.40
1455,2016-06-10,52.81,48.39
1456,2016-06-09,52.81,48.78
1457,2016-06-08,52.55,48.89
1458,2016-06-07,52.63,49.87
1459,2016-06-03,52.79,49.09
1460,2016-06-02,53.13,49.34
1461,2016-06-01,52.98,49.05
1462,2016-05-31,52.98,49.10
1463,2016-05-30,52.90,48.48
1464,2016-05-27,52.75,48.91
1465,2016-05-26,52.70,48.95
1466,2016-05-25,52.66,48.99
1467,2016-05-24,53.47,49.09
1468,2016-05-23,53.10,49.32
1469,2016-05-20,53.36,49.37
1470,2016-05-19,53.39,49.05
1471,2016-05-18,53.52,49.12
1472,2016-05-17,53.12,49.35
1473,2016-05-16,53.25,48.97
1474,2016-05-13,53.37,49.02
1475,2016-05-12,53.23,49.38
1476,2016-05-11,53.14,49.41
1477,2016-05-10,53.35,49.07
1478,2016-05-09,53.35,48.65
1479,2016-05-04,53.12,48.39
1480,2016-05-03,52.57,48.64
1481,2016-05-02,52.16,48.22
1482,2016-04-29,51.71,48.02
1483,2016-04-28,51.67,48.01
1484,2016-04-27,51.82,48.03
1485,2016-04-26,51.74,47.92
1486,2016-04-25,51.54,47.40
1487,2016-04-22,51.61,47.42
1488,2016-04-21,51.31,47.35
1489,2016-04-20,51.39,47.94
1490,2016-04-19,51.23,48.18
1491,2016-04-18,51.79,48.07
1492,2016-04-15,51.62,48.08
1493,2016-04-14,52.00,47.76
1494,2016-04-12,52.11,48.51
1495,2016-04-11,52.26,48.82
1496,2016-04-08,52.45,48.57
1497,2016-04-07,52.50,48.74
1498,2016-04-06,52.75,48.63
1499,2016-04-05,52.82,48.35
1500,2016-04-04,52.35,48.42
1501,2016-04-01,52.31,48.15
1502,2016-03-31,51.58,48.32
1503,2016-03-30,51.71,48.52
1504,2016-03-29,52.07,48.38
1505,2016-03-28,51.92,48.23
1506,2016-03-25,52.23,48.23
1507,2016-03-24,52.12,47.91
1508,2016-03-23,52.09,48.11
1509,2016-03-22,52.02,48.46
1510,2016-03-21,52.33,48.42
1511,2016-03-18,52.56,49.16
1512,2016-03-17,52.40,49.46
1513,2016-03-16,52.96,48.86
1514,2016-03-15,52.74,48.71
1515,2016-03-14,52.95,49.52
1516,2016-03-11,53.27,49.93
1517,2016-03-10,52.75,49.39
1518,2016-03-09,53.38,49.04
1519,2016-03-08,53.09,48.87
1520,2016-03-07,52.90,49.12
1521,2016-03-04,52.83,49.33
1522,2016-03-03,52.73,49.53
1523,2016-03-02,53.27,49.89
1524,2016-02-29,53.95,49.88
1525,2016-02-26,54.41,50.37
1526,2016-02-25,54.63,50.29
1527,2016-02-24,54.37,50.14
1528,2016-02-23,54.22,50.26
1529,2016-02-22,54.81,50.78
1530,2016-02-19,54.82,50.38
1531,2016-02-18,54.61,50.42
1532,2016-02-17,54.63,50.17
1533,2016-02-16,54.25,50.00
1534,2016-02-15,54.23,50.12
1535,2016-02-12,54.70,50.10
1536,2016-02-11,54.19,49.87
1537,2016-02-05,53.57,49.86
1538,2016-02-04,53.09,49.93
1539,2016-02-03,53.16,48.64
1540,2016-02-02,52.59,48.54
1541,2016-02-01,51.99,48.30
1542,2016-01-29,52.65,48.89
1543,2016-01-28,52.61,48.45
1544,2016-01-27,52.23,48.33
1545,2016-01-26,52.27,47.97
1546,2016-01-25,51.63,48.06
1547,2016-01-22,52.11,48.64
1548,2016-01-21,52.80,48.78
1549,2016-01-20,53.02,48.84
1550,2016-01-19,52.50,48.85
1551,2016-01-18,52.84,48.91
1552,2016-01-15,52.76,48.75
1553,2016-01-14,52.83,48.60
1554,2016-01-13,52.18,48.50
1555,2016-01-12,52.53,48.56
1556,2016-01-11,52.88,48.55
1557,2016-01-08,52.31,48.46
1558,2016-01-07,51.65,47.60
1559,2016-01-06,51.55,47.27
1560,2016-01-05,51.46,47.45
1561,2016-01-04,51.61,47.08
1562,2015-12-31,51.34,47.38
1563,2015-12-30,51.26,47.19
1564,2015-12-29,51.25,47.30
1565,2015-12-28,51.01,47.47
1566,2015-12-24,50.93,47.28
1567,2015-12-23,51.47,47.65
1568,2015-12-22,51.04,47.56
1569,2015-12-21,51.13,47.59
1570,2015-12-18,51.17,47.24
1571,2015-12-17,51.41,47.43
1572,2015-12-16,51.48,47.83
1573,2015-12-15,51.94,48.28
1574,2015-12-14,51.98,47.90
1575,2015-12-11,51.67,47.69
1576,2015-12-10,52.02,48.03
1577,2015-12-09,51.42,47.42
1578,2015-12-08,50.96,46.75
1579,2015-12-07,50.81,46.56
1580,2015-12-04,50.63,47.16
1581,2015-12-03,49.36,45.50
1582,2015-12-02,49.37,45.52
1583,2015-12-01,48.88,45.26
1584,2015-11-30,48.99,45.07
1585,2015-11-27,48.95,44.96
1586,2015-11-26,48.78,45.00
1587,2015-11-25,48.67,45.52
1588,2015-11-24,49.03,45.54
1589,2015-11-23,49.35,45.52
1590,2015-11-20,49.56,46.22
1591,2015-11-19,49.58,46.30
1592,2015-11-18,49.84,46.04
1593,2015-11-17,49.97,46.34
1594,2015-11-16,50.29,46.05
1595,2015-11-13,50.38,46.17
1596,2015-11-12,49.83,45.97
1597,2015-11-11,49.58,45.95
1598,2015-11-10,49.75,45.91
1599,2015-11-09,49.66,45.15
1600,2015-11-06,49.58,45.72
1601,2015-11-05,49.35,45.36
1602,2015-11-04,49.56,45.89
1603,2015-11-03,49.76,46.35
1604,2015-11-02,50.22,46.35
1605,2015-10-30,49.85,46.31
1606,2015-10-29,49.80,45.69
1607,2015-10-28,49.74,46.07
1608,2015-10-27,49.89,46.26
1609,2015-10-26,49.77,45.83
1610,2015-10-23,49.92,46.65
1611,2015-10-22,51.49,47.39
1612,2015-10-21,51.49,47.39
1613,2015-10-20,51.13,47.08
1614,2015-10-19,50.85,47.33
1615,2015-10-16,51.38,47.60
1616,2015-10-15,51.57,48.70
1617,2015-10-14,51.94,48.15
1618,2015-10-13,52.03,48.09
1619,2015-10-12,51.82,48.58
1620,2015-10-08,51.93,48.27
1621,2015-10-07,51.95,48.43
1622,2015-10-06,52.03,48.36
1623,2015-10-05,52.08,48.76
1624,2015-10-02,52.70,48.60
1625,2015-10-01,52.26,48.91
1626,2015-09-30,52.80,49.40
1627,2015-09-25,52.81,48.85
1628,2015-09-24,53.00,48.84
1629,2015-09-23,52.85,48.35
1630,2015-09-22,52.74,48.50
1631,2015-09-21,52.97,48.67
1632,2015-09-18,52.86,49.26
1633,2015-09-17,52.48,49.13
1634,2015-09-16,52.79,49.19
1635,2015-09-15,53.48,49.39
1636,2015-09-14,53.36,49.55
1637,2015-09-11,53.40,49.91
1638,2015-09-10,53.06,49.39
1639,2015-09-09,53.28,49.82
1640,2015-09-08,53.36,49.65
1641,2015-09-07,53.71,49.16
1642,2015-09-04,52.94,48.87
1643,2015-09-03,53.38,48.91
1644,2015-09-02,53.38,49.13
1645,2015-09-01,52.69,49.09
1646,2015-08-31,52.87,48.71
1647,2015-08-28,52.79,49.17
1648,2015-08-27,53.34,49.71
1649,2015-08-26,54.63,50.87
1650,2015-08-25,54.85,51.40
1651,2015-08-24,54.54,50.24
1652,2015-08-21,53.60,49.25
1653,2015-08-20,52.83,48.76
1654,2015-08-19,52.21,48.34
1655,2015-08-18,52.28,48.45
1656,2015-08-17,52.47,48.21
1657,2015-08-13,52.43,49.12
1658,2015-08-12,52.25,47.83
1659,2015-08-11,51.81,47.49
1660,2015-08-10,50.95,47.21
1661,2015-08-07,50.90,47.30
1662,2015-08-06,50.87,47.26
1663,2015-08-05,50.92,47.08
1664,2015-08-04,50.94,47.20
1665,2015-08-03,50.95,47.40
1666,2015-07-31,51.13,47.15
1667,2015-07-30,51.26,46.96
1668,2015-07-29,51.20,47.73
1669,2015-07-28,51.64,47.95
1670,2015-07-27,51.22,47.28
1671,2015-07-24,51.27,47.21
1672,2015-07-23,50.74,46.59
1673,2015-07-22,50.27,46.72
1674,2015-07-21,49.93,46.07
1675,2015-07-20,50.09,45.92
1676,2015-07-17,49.73,46.11
1677,2015-07-16,50.07,46.21
1678,2015-07-15,50.31,46.38
1679,2015-07-14,50.12,45.95
1680,2015-07-13,50.18,46.42
1681,2015-07-10,49.75,46.34
1682,2015-07-09,49.89,46.33
1683,2015-07-08,49.80,45.84
1684,2015-07-07,49.83,45.85
1685,2015-07-06,49.42,45.58
1686,2015-07-03,49.34,45.73
1687,2015-07-02,49.22,45.31
1688,2015-07-01,49.34,45.66
1689,2015-06-30,49.55,46.19
1690,2015-06-29,48.90,45.01
1691,2015-06-26,49.75,45.67
1692,2015-06-25,49.37,45.61
1693,2015-06-24,49.14,45.34
1694,2015-06-23,49.73,45.85
1695,2015-06-22,49.50,46.03
1696,2015-06-19,49.96,46.35
1697,2015-06-18,49.69,46.52
1698,2015-06-17,49.90,46.09
1699,2015-06-16,50.01,46.17
1700,2015-06-15,49.61,45.70
1701,2015-06-12,49.72,45.74
1702,2015-06-11,49.87,46.38
1703,2015-06-10,49.38,46.06
1704,2015-06-09,49.75,46.15
1705,2015-06-08,49.12,45.03
1706,2015-06-05,49.02,45.26
1707,2015-06-04,49.22,45.35
1708,2015-06-03,48.55,45.25
1709,2015-06-02,47.88,44.28
1710,2015-06-01,48.07,44.28
1711,2015-05-29,47.79,44.27
1712,2015-05-28,47.41,43.97
1713,2015-05-27,47.29,43.55
1714,2015-05-26,47.96,43.79
1715,2015-05-22,47.72,44.39
1716,2015-05-21,47.83,44.47
1717,2015-05-20,48.18,44.39
1718,2015-05-19,48.60,44.86
1719,2015-05-18,49.01,45.51
1720,2015-05-15,48.67,45.38
1721,2015-05-14,48.71,45.24
1722,2015-05-13,48.53,44.83
1723,2015-05-12,48.18,44.34
1724,2015-05-11,48.10,44.49
1725,2015-05-08,48.38,44.64
1726,2015-05-07,48.76,44.75
1727,2015-05-06,47.69,44.08
1728,2015-05-04,47.76,43.74
1729,2015-04-30,46.95,43.27
1730,2015-04-29,46.13,42.85
1731,2015-04-28,45.86,42.52
1732,2015-04-27,45.88,42.72
1733,2015-04-24,45.99,42.74
1734,2015-04-23,45.85,42.32
1735,2015-04-22,45.57,42.38
1736,2015-04-21,45.79,42.41
1737,2015-04-20,45.88,42.66
1738,2015-04-17,45.77,42.73
1739,2015-04-16,45.74,42.62
1740,2015-04-15,46.19,42.74
1741,2015-04-14,45.60,42.40
1742,2015-04-13,46.21,42.47
1743,2015-04-10,45.92,42.54
1744,2015-04-09,46.44,43.05
1745,2015-04-08,46.61,43.05
1746,2015-04-07,47.00,43.33
1747,2015-04-06,46.63,43.57
1748,2015-04-03,46.61,43.34
1749,2015-04-02,46.15,43.09
1750,2015-04-01,46.47,43.24
1751,2015-03-31,47.28,43.56
1752,2015-03-30,47.34,43.76
1753,2015-03-27,47.27,43.70
1754,2015-03-26,47.72,44.19
1755,2015-03-25,47.45,44.08
1756,2015-03-24,47.54,44.65
1757,2015-03-23,47.58,44.26
1758,2015-03-20,47.21,43.31
1759,2015-03-19,47.91,44.62
1760,2015-03-18,47.45,43.97
1761,2015-03-17,47.19,43.99
1762,2015-03-16,46.91,43.26
1763,2015-03-13,47.41,43.99
1764,2015-03-12,46.85,43.58
1765,2015-03-11,47.72,43.89
1766,2015-03-10,48.27,44.14
1767,2015-03-09,47.50,43.59
1768,2015-03-06,47.99,44.48
1769,2015-03-05,47.93,44.24
1770,2015-03-04,48.36,44.77
1771,2015-03-03,48.20,44.83
1772,2015-03-02,48.31,44.71
1773,2015-02-27,48.26,44.72
1774,2015-02-26,49.08,45.71
1775,2015-02-25,48.99,45.77
1776,2015-02-24,49.55,45.87
1777,2015-02-23,49.53,45.53
1778,2015-02-17,48.94,45.08
1779,2015-02-16,49.01,45.33
1780,2015-02-13,49.02,45.69
1781,2015-02-12,48.96,44.94
1782,2015-02-11,48.64,44.63
1783,2015-02-10,48.10,44.83
1784,2015-02-09,48.27,44.42
1785,2015-02-06,48.70,45.07
1786,2015-02-05,48.13,44.49
1787,2015-02-04,48.38,45.35
1788,2015-02-03,48.36,44.94
1789,2015-02-02,48.45,44.63
1790,2015-01-30,48.31,44.53
1791,2015-01-29,48.04,44.01
1792,2015-01-28,47.66,44.10
1793,2015-01-27,47.17,43.71
1794,2015-01-26,47.19,43.79
1795,2015-01-23,47.72,44.29
1796,2015-01-22,48.65,45.12
1797,2015-01-21,48.49,44.91
1798,2015-01-20,48.82,44.84
1799,2015-01-19,48.34,44.70
1800,2015-01-16,48.60,45.27
1801,2015-01-15,49.07,45.40
1802,2015-01-14,48.83,45.28
1803,2015-01-13,48.91,45.27
1804,2015-01-12,49.47,46.07
1805,2015-01-09,49.82,46.47
1806,2015-01-08,50.30,46.71
1807,2015-01-07,51.05,47.39
1808,2015-01-06,51.09,47.75
1809,2015-01-05,52.00,47.79
1810,2015-01-02,52.06,48.01
1811,2014-12-31,51.61,48.24
1812,2014-12-30,51.96,48.19
1813,2014-12-29,51.99,48.22
1814,2014-12-26,52.26,48.63
1815,2014-12-24,52.28,48.34
1816,2014-12-23,52.73,48.63
1817,2014-12-22,52.44,48.78
1818,2014-12-19,52.88,49.13
1819,2014-12-18,53.07,48.65
1820,2014-12-17,53.63,49.54
1821,2014-12-16,52.86,49.78
1822,2014-12-15,53.73,49.92
1823,2014-12-12,53.46,49.32
1824,2014-12-11,53.60,49.77
1825,2014-12-10,53.43,49.82
1826,2014-12-09,53.42,49.87
1827,2014-12-08,53.76,49.54
1828,2014-12-05,53.97,50.04
1829,2014-12-04,53.69,49.69
1830,2014-12-03,53.90,49.61
1831,2014-12-02,54.25,50.46
1832,2014-12-01,54.03,49.80
1833,2014-11-28,54.02,49.70
1834,2014-11-27,53.82,50.21
1835,2014-11-26,54.10,50.33
1836,2014-11-25,54.17,50.16
1837,2014-11-24,53.74,49.66
1838,2014-11-21,54.48,50.45
1839,2014-11-20,54.57,50.04
1840,2014-11-19,54.07,49.71
1841,2014-11-18,53.40,49.34
1842,2014-11-17,53.53,49.75
1843,2014-11-14,53.57,49.53
1844,2014-11-13,53.33,49.43
1845,2014-11-12,53.46,49.26
1846,2014-11-11,53.23,48.85
1847,2014-11-10,52.71,49.17
1848,2014-11-07,52.57,48.57
1849,2014-11-06,52.62,48.44
1850,2014-11-05,53.08,48.83
1851,2014-11-04,52.36,48.36
1852,2014-11-03,52.17,47.64
1853,2014-10-31,52.30,47.88
1854,2014-10-30,51.94,47.66
1855,2014-10-29,51.85,48.15
1856,2014-10-28,51.94,48.24
1857,2014-10-27,52.03,48.53
1858,2014-10-24,52.14,48.23
1859,2014-10-23,52.04,48.09
1860,2014-10-22,52.34,48.57
1861,2014-10-21,52.84,49.21
1862,2014-10-20,53.03,49.24
1863,2014-10-17,53.53,49.38
1864,2014-10-16,53.39,49.61
1865,2014-10-15,52.76,48.81
1866,2014-10-14,53.13,49.45
1867,2014-10-13,53.03,49.20
1868,2014-10-10,53.54,49.53
1869,2014-10-08,53.53,49.23
1870,2014-10-07,53.08,49.28
1871,2014-10-06,52.46,48.31
1872,2014-10-02,52.68,48.81
1873,2014-10-01,52.72,48.44
1874,2014-09-30,52.47,48.41
1875,2014-09-29,52.44,48.00
1876,2014-09-26,52.27,48.35
1877,2014-09-25,52.27,48.27
1878,2014-09-24,52.30,48.62
1879,2014-09-23,52.44,48.60
1880,2014-09-22,52.54,48.70
1881,2014-09-19,52.85,48.87
1882,2014-09-18,52.35,48.24
1883,2014-09-17,52.58,48.70
1884,2014-09-16,52.52,48.77
1885,2014-09-15,52.69,48.75
1886,2014-09-12,52.30,48.42
1887,2014-09-11,52.32,47.94
1888,2014-09-05,51.89,47.67
1889,2014-09-04,52.26,48.43
1890,2014-09-03,52.03,48.09
1891,2014-09-02,51.99,47.99
1892,2014-09-01,51.85,48.07
1893,2014-08-29,51.91,48.02
1894,2014-08-28,52.26,48.35
1895,2014-08-27,51.99,48.34
1896,2014-08-26,52.08,48.35
1897,2014-08-25,52.33,48.42
1898,2014-08-22,52.54,48.92
1899,2014-08-21,52.57,48.53
1900,2014-08-20,52.66,48.53
1901,2014-08-19,52.62,48.71
1902,2014-08-18,52.69,49.13
1903,2014-08-14,52.88,49.29
1904,2014-08-13,53.38,49.34
1905,2014-08-12,53.34,49.53
1906,2014-08-11,53.56,49.91
1907,2014-08-08,53.75,49.73
1908,2014-08-07,53.87,49.80
1909,2014-08-06,53.62,49.57
1910,2014-08-05,53.92,50.07
1911,2014-08-04,54.08,50.16
1912,2014-08-01,54.25,49.65
1913,2014-07-31,54.11,49.79
1914,2014-07-30,54.02,49.97
1915,2014-07-29,54.10,50.14
1916,2014-07-28,54.23,50.34
1917,2014-07-25,54.34,50.37
1918,2014-07-24,54.38,50.13
1919,2014-07-23,54.17,50.21
1920,2014-07-22,54.54,50.58
1921,2014-07-21,54.73,50.88
1922,2014-07-18,54.81,50.73
1923,2014-07-17,54.73,50.89
1924,2014-07-16,55.03,50.63
1925,2014-07-15,54.97,50.57
1926,2014-07-14,54.54,50.48
1927,2014-07-11,54.58,50.18
1928,2014-07-10,54.43,50.36
1929,2014-07-09,54.23,50.15
1930,2014-07-08,54.16,50.08
1931,2014-07-07,54.10,49.97
1932,2014-07-04,54.11,50.11
1933,2014-07-03,54.22,50.25
1934,2014-07-02,54.31,50.43
1935,2014-07-01,54.45,50.50
1936,2014-06-30,54.34,50.42
1937,2014-06-27,54.34,50.42
1938,2014-06-26,54.57,50.71
1939,2014-06-25,54.62,50.48
1940,2014-06-24,54.45,50.43
1941,2014-06-23,54.56,50.53
1942,2014-06-20,54.66,50.48
1943,2014-06-19,54.28,50.58
1944,2014-06-18,54.52,50.44
1945,2014-06-17,54.56,50.45
1946,2014-06-16,54.38,50.21
1947,2014-06-13,54.33,50.27
1948,2014-06-12,54.12,50.13
1949,2014-06-11,54.20,50.18
1950,2014-06-10,54.42,50.41
1951,2014-06-09,54.64,50.82
1952,2014-06-05,54.68,50.73
1953,2014-06-03,54.70,50.65
1954,2014-06-02,54.82,50.59
1955,2014-05-30,54.59,50.60
1956,2014-05-29,54.43,50.59
1957,2014-05-28,54.87,50.88
1958,2014-05-27,54.98,50.95
1959,2014-05-26,54.93,50.89
1960,2014-05-23,55.16,51.01
1961,2014-05-22,55.11,51.13
1962,2014-05-21,55.26,51.06
1963,2014-05-20,55.30,51.02
1964,2014-05-19,55.11,51.19
1965,2014-05-16,55.37,51.27
1966,2014-05-15,55.42,51.21
1967,2014-05-14,55.38,51.13
1968,2014-05-13,55.39,51.45
1969,2014-05-12,55.57,51.41
1970,2014-05-09,56.00,51.70
1971,2014-05-08,55.98,52.01
1972,2014-05-07,56.09,52.35
1973,2014-05-02,56.16,52.12
1974,2014-04-30,56.13,51.96
1975,2014-04-29,56.13,52.38
1976,2014-04-28,56.27,52.39
1977,2014-04-25,56.63,52.33
1978,2014-04-24,56.49,52.30
1979,2014-04-23,56.39,52.23
1980,2014-04-22,56.35,52.13
1981,2014-04-21,56.48,52.20
1982,2014-04-18,56.40,52.16
1983,2014-04-17,56.55,52.37
1984,2014-04-16,56.38,52.35
1985,2014-04-15,56.58,52.25
1986,2014-04-14,56.86,52.47
1987,2014-04-11,56.60,52.43
1988,2014-04-10,56.73,52.73
1989,2014-04-09,56.43,53.00
1990,2014-04-08,56.73,52.81
1991,2014-04-07,56.86,52.75
1992,2014-04-04,56.97,52.89
1993,2014-04-03,57.25,53.00
1994,2014-04-02,57.42,53.27
1995,2014-04-01,57.27,53.50
1996,2014-03-31,57.46,53.56
1997,2014-03-28,57.83,53.79
1998,2014-03-27,58.21,54.00
1999,2014-03-26,58.65,54.46
2000,2014-03-25,58.76,54.46
2001,2014-03-24,58.39,54.30
2002,2014-03-21,58.49,53.97
2003,2014-03-20,58.43,53.86
2004,2014-03-19,58.64,54.27
2005,2014-03-18,58.89,54.41
2006,2014-03-17,58.60,54.47
2007,2014-03-14,58.65,54.15
2008,2014-03-13,58.66,54.36
2009,2014-03-12,58.62,53.93
2010,2014-03-11,58.40,54.07
2011,2014-03-10,58.49,53.94
2012,2014-03-07,58.11,54.11
2013,2014-03-06,57.71,53.76
2014,2014-03-05,58.11,53.83
2015,2014-03-04,58.00,53.80
2016,2014-03-03,58.48,53.93
2017,2014-02-28,57.87,53.59
2018,2014-02-27,57.72,53.61
2019,2014-02-26,57.89,53.87
2020,2014-02-25,58.34,54.12
2021,2014-02-24,58.27,53.93
2022,2014-02-21,57.93,53.72
2023,2014-02-20,58.30,53.54
2024,2014-02-19,58.00,53.60
2025,2014-02-18,57.66,53.10
2026,2014-02-17,57.38,53.14
2027,2014-02-14,57.02,52.95
2028,2014-02-13,56.68,52.63
2029,2014-02-12,56.85,53.18
2030,2014-02-11,57.15,53.15
2031,2014-02-10,57.43,53.29
2032,2014-02-07,57.43,53.17
2033,2014-02-06,57.22,53.08
2034,2014-02-05,57.14,53.30
2035,2014-02-04,57.46,53.19
2036,2014-02-03,57.43,52.55
2037,2014-01-29,57.66,53.72
2038,2014-01-28,57.99,53.96
2039,2014-01-27,58.30,53.69
2040,2014-01-24,58.14,53.49
2041,2014-01-23,57.20,52.70
2042,2014-01-22,56.70,52.38
2043,2014-01-21,56.77,52.41
2044,2014-01-20,56.74,52.39
2045,2014-01-17,56.87,52.79
2046,2014-01-16,57.03,52.74
2047,2014-01-15,57.24,52.84
2048,2014-01-14,57.27,52.84
2049,2014-01-13,56.99,53.09
2050,2014-01-10,57.05,52.91
2051,2014-01-09,56.76,52.70
2052,2014-01-08,56.99,52.95
2053,2014-01-07,57.20,52.71
2054,2014-01-06,56.71,51.98
2055,2014-01-03,56.70,52.26
2056,2014-01-02,57.19,53.18
2057,2013-12-31,56.94,53.21
2058,2013-12-30,57.09,52.91
2059,2013-12-27,56.74,52.73
2060,2013-12-26,56.92,52.78
2061,2013-12-24,56.99,52.93
2062,2013-12-23,56.78,52.72
2063,2013-12-20,56.59,52.31
2064,2013-12-19,56.51,52.13
2065,2013-12-18,56.58,52.35
2066,2013-12-17,56.91,52.61
2067,2013-12-16,56.91,52.65
2068,2013-12-13,57.09,52.76
2069,2013-12-12,57.07,52.86
2070,2013-12-11,57.12,52.90
2071,2013-12-10,56.76,52.69
2072,2013-12-09,56.65,52.83
2073,2013-12-06,56.97,52.87
2074,2013-12-05,56.63,52.57
2075,2013-12-04,56.86,52.63
2076,2013-12-03,56.39,52.16
2077,2013-12-02,56.68,52.58
2078,2013-11-29,56.84,52.85
2079,2013-11-28,57.00,52.77
2080,2013-11-27,56.98,52.68
2081,2013-11-26,56.76,52.57
2082,2013-11-25,56.92,52.81
2083,2013-11-22,56.67,52.58
2084,2013-11-21,56.57,52.10
2085,2013-11-20,56.54,52.26
2086,2013-11-19,56.84,52.86
2087,2013-11-18,56.90,53.06
2088,2013-11-15,57.07,53.02
2089,2013-11-14,57.41,53.46
2090,2013-11-13,57.57,53.28
2091,2013-11-12,57.45,53.03
2092,2013-11-11,57.31,52.75
2093,2013-11-08,57.09,52.78
2094,2013-11-07,60.09,55.68
2095,2013-11-06,59.82,55.41
2096,2013-11-05,59.95,55.59
2097,2013-11-04,59.94,55.47
2098,2013-11-01,60.30,55.84
2099,2013-10-31,61.16,56.73
2100,2013-10-30,61.05,56.60
2101,2013-10-29,61.59,57.00
2102,2013-10-28,61.60,57.11
2103,2013-10-25,61.63,56.84
2104,2013-10-24,61.18,56.41
2105,2013-10-23,61.11,56.81
2106,2013-10-22,60.67,56.32
2107,2013-10-21,60.92,56.36
2108,2013-10-18,61.19,56.80
2109,2013-10-17,60.44,56.19
2110,2013-10-16,60.86,56.38
2111,2013-10-15,61.13,56.96
2112,2013-10-14,61.57,56.86
2113,2013-10-11,61.33,57.02
2114,2013-10-10,61.22,56.75
2115,2013-10-08,61.90,57.04
2116,2013-10-07,61.51,56.82
2117,2013-10-04,61.71,57.32
2118,2013-10-02,61.23,56.78
2119,2013-10-01,61.18,56.69
2120,2013-09-30,60.97,56.62
2121,2013-09-27,61.19,56.62
2122,2013-09-26,60.91,56.39
2123,2013-09-25,60.58,55.97
2124,2013-09-24,60.41,55.98
2125,2013-09-23,60.92,56.94
2126,2013-09-17,60.65,56.08
2127,2013-09-16,60.39,56.04
2128,2013-09-13,60.52,55.81
2129,2013-09-12,60.64,56.24
2130,2013-09-11,60.25,55.80
2131,2013-09-10,60.23,55.90
2132,2013-09-09,59.90,56.04
2133,2013-09-06,60.26,55.84
2134,2013-09-05,61.04,56.48
2135,2013-09-04,60.48,56.01
2136,2013-09-03,61.10,56.78
2137,2013-09-02,60.97,57.05
2138,2013-08-30,61.65,57.22
2139,2013-08-29,62.37,58.05
2140,2013-08-28,62.78,58.16
2141,2013-08-27,62.87,58.02
2142,2013-08-26,62.74,58.38
2143,2013-08-23,62.52,58.45
2144,2013-08-22,62.74,58.03
2145,2013-08-21,62.93,58.43
2146,2013-08-20,62.43,57.52
2147,2013-08-19,62.31,57.74
2148,2013-08-16,62.20,57.96
2149,2013-08-14,62.00,57.28
2150,2013-08-13,62.04,57.35
2151,2013-08-12,62.28,57.49
2152,2013-08-09,62.28,57.76
2153,2013-08-08,61.95,57.54
2154,2013-08-07,62.01,57.19
2155,2013-08-06,61.54,57.14
2156,2013-08-05,61.81,57.85
2157,2013-08-02,61.60,57.01
2158,2013-08-01,62.29,57.49
2159,2013-07-31,62.28,57.28
2160,2013-07-30,61.79,56.99
2161,2013-07-29,61.62,57.05
2162,2013-07-26,61.47,57.25
2163,2013-07-25,61.53,56.87
2164,2013-07-24,61.32,56.95
2165,2013-07-23,61.47,56.93
2166,2013-07-22,61.32,56.99
2167,2013-07-19,61.24,56.82
2168,2013-07-18,61.62,56.68
2169,2013-07-17,61.59,56.88
2170,2013-07-16,60.75,56.47
2171,2013-07-15,61.05,56.48
2172,2013-07-12,61.37,56.80
2173,2013-07-11,60.87,57.04
2174,2013-07-10,60.67,56.60
2175,2013-07-09,61.08,57.10
2176,2013-07-08,61.51,56.47
2177,2013-07-05,61.63,56.97
2178,2013-07-04,61.46,56.96
2179,2013-07-03,61.44,56.41
2180,2013-07-02,61.53,57.10
2181,2013-07-01,61.34,57.35
2182,2013-06-28,61.83,57.53
2183,2013-06-27,62.37,58.00
2184,2013-06-26,63.36,58.80
2185,2013-06-25,63.45,58.92
2186,2013-06-24,63.74,58.63
2187,2013-06-21,63.99,58.72
2188,2013-06-20,64.64,58.70
2189,2013-06-19,63.83,59.07
2190,2013-06-18,63.77,58.89
2191,2013-06-17,63.15,58.53
2192,2013-06-14,63.43,59.23
2193,2013-06-13,63.89,59.08
2194,2013-06-12,63.51,58.98
2195,2013-06-11,63.23,58.00
2196,2013-06-10,63.23,57.53
2197,2013-06-07,62.52,57.85
2198,2013-06-05,61.13,56.92
2199,2013-06-04,61.79,57.46
2200,2013-06-03,61.76,57.00
2201,2013-05-31,62.00,57.26
2202,2013-05-30,60.97,56.57
2203,2013-05-29,60.65,55.83
2204,2013-05-28,60.70,56.17
2205,2013-05-27,60.60,56.34
2206,2013-05-24,60.09,55.55
2207,2013-05-23,59.97,54.81
2208,2013-05-22,59.72,55.20
2209,2013-05-21,59.31,55.09
2210,2013-05-20,59.51,54.98
2211,2013-05-16,59.86,55.22
2212,2013-05-15,60.14,55.40
2213,2013-05-14,60.01,55.90
2214,2013-05-13,60.31,55.36
2215,2013-05-10,60.75,55.07
2216,2013-05-09,60.03,55.33
2217,2013-05-08,59.36,55.46
2218,2013-05-07,59.90,55.77
2219,2013-05-06,60.57,56.26
2220,2013-05-03,60.49,56.19
2221,2013-05-02,61.09,56.58
2222,2013-04-30,60.81,56.56
2223,2013-04-29,60.56,56.19
2224,2013-04-26,60.64,56.29
2225,2013-04-25,60.18,56.31
2226,2013-04-24,60.54,56.25
2227,2013-04-23,61.16,56.64
2228,2013-04-22,61.27,56.64
2229,2013-04-19,61.12,56.78
2230,2013-04-18,60.95,56.26
2231,2013-04-17,61.53,57.16
2232,2013-04-16,60.73,56.74
2233,2013-04-15,61.34,57.45
2234,2013-04-12,61.83,57.24
2235,2013-04-11,61.50,57.54
2236,2013-04-10,62.12,57.98
2237,2013-04-09,62.25,57.64
2238,2013-04-08,62.47,56.87
2239,2013-04-05,61.52,56.48
2240,2013-04-04,60.56,55.77
2241,2013-04-03,59.81,55.21
2242,2013-04-02,60.25,55.69
2243,2013-04-01,60.02,55.45
2244,2013-03-29,59.84,55.40
2245,2013-03-28,59.69,55.09
2246,2013-03-27,60.06,55.43
2247,2013-03-26,59.61,55.44
2248,2013-03-25,60.38,56.31
2249,2013-03-22,60.53,55.88
2250,2013-03-21,60.79,56.25
2251,2013-03-20,60.63,55.92
2252,2013-03-19,60.84,56.45
2253,2013-03-18,61.51,56.82
2254,2013-03-15,61.23,56.35
2255,2013-03-14,60.56,55.51
2256,2013-03-13,60.50,55.74
2257,2013-03-12,60.43,56.09
2258,2013-03-11,60.63,55.85
2259,2013-03-08,60.73,56.05
2260,2013-03-07,59.69,55.09
2261,2013-03-06,59.73,55.57
2262,2013-03-05,59.55,55.42
2263,2013-03-04,59.91,54.94
2264,2013-02-28,60.04,55.68
2265,2013-02-27,59.98,55.61
2266,2013-02-26,60.28,55.80
2267,2013-02-25,60.60,56.17
2268,2013-02-22,60.67,56.19
2269,2013-02-21,61.49,56.47
2270,2013-02-20,61.51,57.14
2271,2013-02-19,61.49,57.02
2272,2013-02-18,61.53,56.75
2273,2013-02-15,61.54,57.24
2274,2013-02-14,62.10,57.69
2275,2013-02-13,62.34,58.17
2276,2013-02-12,62.70,58.11
2277,2013-02-08,62.75,57.85
2278,2013-02-07,62.92,58.05
2279,2013-02-06,62.31,57.64
2280,2013-02-05,61.77,57.37
2281,2013-02-04,62.73,58.21
2282,2013-02-01,62.65,57.66
2283,2013-01-31,62.26,57.39
2284,2013-01-30,61.68,57.22
2285,2013-01-29,61.46,56.70
2286,2013-01-28,62.12,56.44
2287,2013-01-25,60.77,55.93
2288,2013-01-24,59.95,55.47
2289,2013-01-23,59.81,55.31
2290,2013-01-22,59.85,55.25
2291,2013-01-21,59.88,54.97
2292,2013-01-18,59.78,55.43
2293,2013-01-17,59.43,55.11
2294,2013-01-16,59.49,54.91
2295,2013-01-15,59.71,55.35
2296,2013-01-14,59.40,55.07
2297,2013-01-11,59.10,54.99
2298,2013-01-10,58.32,54.18
2299,2013-01-09,58.81,54.54
2300,2013-01-08,58.94,54.65
2301,2013-01-07,59.38,54.99
2302,2013-01-04,59.46,54.98
2303,2013-01-03,59.99,55.72
2304,2013-01-02,60.38,56.44
2305,2012-12-31,60.43,56.46
2306,2012-12-28,60.92,56.64
2307,2012-12-27,60.96,56.66
2308,2012-12-26,60.84,56.45
2309,2012-12-24,60.79,56.39
2310,2012-12-21,61.14,56.53
2311,2012-12-20,61.04,56.40
2312,2012-12-18,60.52,55.97
2313,2012-12-17,60.49,56.07
2314,2012-12-14,60.18,55.62
2315,2012-12-13,60.01,55.70
2316,2012-12-12,59.75,55.52
2317,2012-12-11,59.51,55.30
2318,2012-12-10,59.74,55.55
2319,2012-12-07,60.12,55.71
2320,2012-12-06,60.72,56.18
2321,2012-12-05,60.58,56.25
2322,2012-12-04,60.63,56.10
2323,2012-12-03,60.31,55.84
2324,2012-11-30,60.23,55.90
2325,2012-11-29,59.99,55.69
2326,2012-11-28,59.98,55.40
2327,2012-11-27,60.08,55.69
2328,2012-11-26,60.10,55.70
2329,2012-11-23,59.42,54.95
2330,2012-11-22,59.07,54.58
2331,2012-11-21,59.16,54.77
2332,2012-11-20,59.15,54.98
2333,2012-11-19,58.63,54.40
2334,2012-11-16,59.07,54.47
2335,2012-11-15,58.77,54.46
2336,2012-11-14,58.42,54.35
2337,2012-11-13,59.09,54.59
2338,2012-11-12,59.03,54.65
2339,2012-11-09,58.94,54.66
2340,2012-11-08,59.19,54.71
2341,2012-11-07,59.52,55.45
2342,2012-11-06,59.88,55.49
2343,2012-11-05,60.02,55.55
2344,2012-11-02,60.56,56.05
2345,2012-11-01,61.03,56.36
2346,2012-10-31,61.05,56.76
2347,2012-10-30,60.71,56.59
2348,2012-10-29,61.44,56.92
2349,2012-10-26,61.48,57.11
2350,2012-10-25,61.38,57.31
2351,2012-10-24,62.24,57.50
2352,2012-10-23,62.62,58.05
2353,2012-10-22,62.53,57.98
2354,2012-10-19,62.83,58.28
2355,2012-10-18,63.14,58.61
2356,2012-10-17,62.89,58.33
2357,2012-10-16,62.19,57.87
2358,2012-10-15,62.18,57.66
2359,2012-10-12,62.25,57.92
2360,2012-10-11,62.08,57.60
2361,2012-10-10,62.05,57.28
2362,2012-10-09,62.51,57.87
2363,2012-10-08,63.12,58.35
2364,2012-10-05,62.65,58.14
2365,2012-10-04,61.98,57.40
2366,2012-10-02,61.91,57.26
2367,2012-09-28,62.00,57.78
2368,2012-09-27,62.25,57.87
2369,2012-09-26,62.64,57.92
2370,2012-09-25,62.70,58.11
2371,2012-09-24,63.30,58.53
2372,2012-09-21,62.84,58.21
2373,2012-09-20,63.75,58.64
2374,2012-09-19,63.45,58.84
2375,2012-09-18,64.62,59.63
2376,2012-09-17,65.15,60.47
2377,2012-09-14,64.29,60.11
2378,2012-09-13,64.34,59.43
2379,2012-09-12,64.23,59.72
2380,2012-09-11,63.09,58.62
2381,2012-09-10,63.68,59.02
2382,2012-09-07,62.70,58.33
2383,2012-09-06,62.25,57.76
2384,2012-09-05,62.08,57.17
2385,2012-09-04,61.89,57.23
2386,2012-09-03,61.92,57.46
2387,2012-08-31,61.53,57.06
2388,2012-08-30,61.92,57.37
2389,2012-08-29,62.19,57.80
2390,2012-08-28,61.76,57.20
2391,2012-08-27,61.81,57.16
2392,2012-08-24,61.88,57.08
2393,2012-08-23,61.35,56.94
2394,2012-08-22,61.65,56.96
2395,2012-08-21,60.57,56.33
2396,2012-08-20,60.82,56.23
2397,2012-08-17,61.03,56.49
2398,2012-08-16,60.35,55.70
2399,2012-08-14,59.92,55.61
2400,2012-08-13,59.73,55.21
2401,2012-08-10,59.94,55.31
2402,2012-08-09,59.94,55.54
2403,2012-08-08,60.15,55.67
2404,2012-08-07,60.02,55.53
2405,2012-08-06,60.04,55.94
2406,2012-08-03,58.96,54.43
2407,2012-08-02,59.03,54.52
2408,2012-08-01,59.22,55.11
2409,2012-07-31,59.29,55.31
2410,2012-07-30,59.90,55.68
2411,2012-07-27,59.81,55.69
2412,2012-07-26,59.15,54.97
2413,2012-07-25,58.63,54.28
2414,2012-07-24,58.80,54.40
2415,2012-07-23,58.86,54.19
2416,2012-07-20,59.60,55.14
2417,2012-07-19,59.82,55.46
2418,2012-07-18,60.13,55.72
2419,2012-07-17,59.79,55.61
2420,2012-07-16,59.92,55.64
2421,2012-07-13,59.74,55.11
2422,2012-07-12,60.05,55.31
2423,2012-07-11,59.56,55.24
2424,2012-07-10,59.63,55.33
2425,2012-07-09,59.13,54.49
2426,2012-07-06,59.49,54.98
2427,2012-07-05,60.21,55.75
2428,2012-07-04,60.76,56.51
2429,2012-07-03,60.50,56.40
2430,2012-07-02,61.30,57.24
2431,2012-06-29,59.84,55.75
2432,2012-06-28,60.30,55.83
2433,2012-06-27,60.32,56.00
2434,2012-06-26,60.50,56.13
2435,2012-06-25,61.25,56.54
2436,2012-06-22,60.89,55.98
2437,2012-06-21,61.84,57.27
2438,2012-06-20,62.14,57.85
2439,2012-06-19,61.47,57.00
2440,2012-06-18,63.06,58.46
2441,2012-06-15,62.29,57.92
2442,2012-06-14,62.16,57.60
2443,2012-06-13,61.50,57.13
2444,2012-06-12,61.57,56.88
2445,2012-06-11,61.91,57.68
2446,2012-06-08,62.93,58.15
2447,2012-06-07,62.49,58.37
2448,2012-06-05,61.91,57.46
2449,2012-06-04,61.58,56.91
2450,2012-06-01,61.50,56.87
2451,2012-05-31,61.14,56.62
2452,2012-05-30,62.44,57.82
2453,2012-05-29,62.74,58.38
2454,2012-05-25,62.94,58.19
2455,2012-05-24,63.18,57.92
2456,2012-05-23,63.59,58.36
2457,2012-05-22,64.21,59.58
2458,2012-05-21,63.86,59.28
2459,2012-05-18,62.88,57.94
2460,2012-05-17,62.83,58.04
2461,2012-05-16,62.48,57.29
2462,2012-05-15,63.06,58.19
2463,2012-05-14,63.57,58.46
2464,2012-05-11,63.54,58.57
2465,2012-05-10,63.08,58.33
2466,2012-05-09,63.57,58.55
2467,2012-05-08,64.08,59.42
2468,2012-05-07,63.57,58.56
2469,2012-05-04,64.22,59.33
2470,2012-05-03,64.29,59.45
2471,2012-05-02,65.08,60.39
2472,2012-04-30,64.62,60.20
2473,2012-04-27,65.10,60.50
2474,2012-04-26,65.58,60.97
2475,2012-04-25,65.23,60.46
2476,2012-04-24,64.71,59.90
2477,2012-04-23,65.26,60.35
2478,2012-04-20,65.18,60.40
2479,2012-04-19,65.17,60.28
2480,2012-04-18,65.24,60.43
2481,2012-04-17,65.27,60.44
2482,2012-04-16,65.00,59.96
2483,2012-04-13,65.26,60.81
2484,2012-04-12,65.08,60.09
2485,2012-04-10,65.48,60.45
2486,2012-04-09,65.41,60.15
2487,2012-04-06,64.95,60.00
2488,2012-04-05,65.10,60.21
2489,2012-04-04,65.68,60.45
2490,2012-04-03,65.32,60.81
2491,2012-04-02,65.49,61.08
2492,2012-03-30,65.78,61.25
2493,2012-03-29,66.34,61.45
2494,2012-03-28,66.61,61.74
2495,2012-03-27,66.48,61.82
2496,2012-03-26,66.54,61.15
2497,2012-03-23,65.39,60.36
2498,2012-03-22,65.54,60.47
2499,2012-03-21,65.85,60.78
2500,2012-03-20,65.93,60.78
2501,2012-03-19,65.34,60.55
2502,2012-03-16,65.03,60.32
2503,2012-03-15,64.35,59.44
2504,2012-03-14,64.82,59.74
2505,2012-03-13,64.82,59.99
2506,2012-03-12,64.59,59.42
2507,2012-03-09,64.88,60.09
2508,2012-03-08,64.02,59.71
2509,2012-03-07,64.07,59.11
2510,2012-03-06,64.76,59.65
2511,2012-03-05,64.55,59.53
2512,2012-03-02,64.94,60.28
2513,2012-02-29,65.15,60.91
2514,2012-02-28,65.37,60.69
2515,2012-02-27,65.80,60.59
2516,2012-02-24,65.14,60.37
2517,2012-02-23,64.11,59.34
2518,2012-02-22,64.84,59.91
2519,2012-02-21,64.64,59.79
2520,2012-02-20,64.16,59.41
2521,2012-02-17,63.87,59.25
2522,2012-02-16,63.50,58.25
2523,2012-02-15,63.55,58.92
2524,2012-02-14,64.05,59.20
2525,2012-02-13,63.40,58.85
2526,2012-02-10,64.42,59.28
2527,2012-02-09,64.50,59.74
2528,2012-02-08,64.36,59.89
2529,2012-02-07,63.60,58.96
2530,2012-02-06,63.81,58.86
2531,2012-02-03,63.34,58.65
2532,2012-02-02,63.19,58.90
2533,2012-02-01,62.79,58.20
2534,2012-01-31,63.06,58.60
2535,2012-01-30,64.26,59.18
2536,2012-01-27,63.25,58.47
2537,2012-01-26,63.10,58.58
2538,2012-01-25,62.82,58.48
2539,2012-01-20,63.03,58.39
2540,2012-01-19,61.99,57.70
2541,2012-01-18,61.41,57.12
2542,2012-01-17,61.20,57.16
2543,2012-01-16,61.58,56.95
2544,2012-01-13,62.26,58.22
2545,2012-01-12,61.54,57.05
2546,2012-01-11,62.01,57.37
2547,2012-01-10,62.05,57.83
2548,2012-01-09,61.44,56.87
2549,2012-01-06,62.03,57.00
2550,2012-01-05,62.60,57.51
2551,2012-01-04,63.08,58.46
2552,2012-01-03,63.11,58.67
2553,2012-01-02,63.18,58.37
2554,2011-12-30,63.13,58.11
2555,2011-12-29,62.54,58.13
2556,2011-12-28,63.39,58.71
2557,2011-12-27,63.25,58.23
2558,2011-12-26,63.10,58.10
2559,2011-12-23,63.11,58.81
2560,2011-12-22,63.54,58.80
2561,2011-12-21,63.46,59.80
2562,2011-12-20,64.09,59.90
2563,2011-12-19,65.21,59.66
2564,2011-12-16,64.01,59.48
2565,2011-12-15,63.40,58.62
2566,2011-12-14,63.45,58.73
2567,2011-12-13,64.01,58.80
2568,2011-12-12,65.44,60.18
2569,2011-12-09,64.87,59.23
2570,2011-12-08,65.02,59.96
2571,2011-12-07,64.64,60.14
2572,2011-12-06,65.08,60.19
2573,2011-12-05,65.24,60.41
2574,2011-12-02,65.09,60.25
2575,2011-12-01,64.88,60.71
2576,2011-11-30,64.38,59.96
2577,2011-11-29,64.08,59.78
2578,2011-11-28,63.70,59.39
2579,2011-11-25,65.32,60.05
2580,2011-11-24,64.70,59.76
2581,2011-11-23,66.05,60.91
2582,2011-11-22,65.16,60.17
2583,2011-11-21,65.53,60.29
2584,2011-11-18,64.88,60.08
2585,2011-11-17,64.06,59.46
2586,2011-11-16,64.06,59.11
2587,2011-11-15,64.45,59.18
2588,2011-11-14,65.46,60.77
2589,2011-11-11,64.38,60.02
2590,2011-11-10,64.98,59.34
2591,2011-11-09,66.43,61.31
2592,2011-11-08,66.20,61.17
2593,2011-11-07,67.23,61.76
2594,2011-11-04,66.56,62.69
2595,2011-11-03,66.65,61.62
2596,2011-11-02,65.52,60.41
2597,2011-11-01,67.43,61.61
2598,2011-10-31,68.66,63.37
2599,2011-10-28,68.56,64.66
2600,2011-10-27,66.54,62.76
2601,2011-10-26,68.23,63.02
2602,2011-10-25,68.27,63.80
2603,2011-10-24,68.10,63.83
2604,2011-10-21,68.45,62.78
2605,2011-10-20,68.35,62.94
2606,2011-10-19,67.35,63.26
2607,2011-10-18,68.88,63.45
2608,2011-10-17,69.20,65.32
2609,2011-10-14,69.58,64.55
2610,2011-10-13,70.01,65.61
2611,2011-10-12,68.96,64.13
2612,2011-10-11,70.08,64.92
2613,2011-10-10,67.98,63.54
2614,2011-10-07,69.22,64.50
2615,2011-10-06,69.12,64.42
2616,2011-10-05,69.24,64.41
2617,2011-10-04,68.36,62.52
2618,2011-09-30,70.49,65.27
2619,2011-09-29,69.88,64.63
2620,2011-09-28,70.18,65.62
2621,2011-09-27,69.78,65.17
2622,2011-09-26,70.56,65.10
2623,2011-09-23,68.55,63.88
2624,2011-09-22,70.54,62.71
2625,2011-09-21,69.06,63.58
2626,2011-09-20,68.68,62.35
2627,2011-09-19,68.83,62.04
2628,2011-09-16,67.91,62.83
2629,2011-09-15,67.39,61.72
2630,2011-09-14,66.78,59.98
2631,2011-09-09,66.54,61.32
2632,2011-09-08,67.04,61.91
2633,2011-09-07,66.19,61.34
2634,2011-09-06,66.77,61.52
2635,2011-09-05,67.00,61.70
2636,2011-09-02,67.79,62.83
2637,2011-09-01,68.56,63.93
2638,2011-08-31,69.13,64.41
2639,2011-08-30,70.10,64.97
2640,2011-08-29,69.96,65.41
2641,2011-08-26,69.35,64.39
2642,2011-08-25,69.47,63.99
2643,2011-08-24,69.26,64.10
2644,2011-08-23,68.27,63.54
2645,2011-08-22,68.58,63.56
2646,2011-08-19,68.62,62.91
2647,2011-08-18,68.60,63.44
2648,2011-08-17,68.37,63.19
2649,2011-08-16,68.90,64.14
2650,2011-08-12,68.64,63.83
2651,2011-08-11,68.32,63.23
2652,2011-08-10,69.89,65.45
2653,2011-08-09,69.10,63.08
2654,2011-08-08,69.69,63.77
2655,2011-08-05,67.24,61.54
2656,2011-08-04,68.05,62.72
2657,2011-08-03,66.80,61.50
2658,2011-08-02,67.25,62.06
2659,2011-08-01,67.30,62.57
2660,2011-07-29,67.50,62.42
2661,2011-07-28,67.30,62.27
2662,2011-07-27,67.83,62.92
2663,2011-07-26,66.89,62.16
2664,2011-07-25,67.40,62.18
2665,2011-07-22,67.03,62.26
2666,2011-07-21,66.31,61.39
2667,2011-07-20,65.92,61.25
2668,2011-07-19,65.96,61.33
2669,2011-07-18,66.27,61.16
2670,2011-07-15,66.34,61.23
2671,2011-07-14,66.48,61.99
2672,2011-07-13,66.05,61.54
2673,2011-07-12,67.05,61.48
2674,2011-07-11,67.54,62.38
2675,2011-07-08,67.80,63.15
2676,2011-07-07,67.95,62.94
2677,2011-07-06,68.46,63.37
2678,2011-07-05,68.99,63.75
2679,2011-07-04,68.81,63.86
2680,2011-07-01,68.75,63.78
2681,2011-06-30,68.66,64.15
2682,2011-06-29,68.48,63.75
2683,2011-06-28,68.58,63.75
2684,2011-06-27,68.36,62.88
2685,2011-06-24,68.40,63.15
2686,2011-06-23,68.73,63.46
2687,2011-06-22,68.97,64.27
2688,2011-06-21,69.28,64.40
2689,2011-06-20,69.50,64.43
2690,2011-06-17,69.02,64.09
2691,2011-06-16,69.04,63.32
2692,2011-06-15,70.04,64.83
2693,2011-06-14,69.90,64.90
2694,2011-06-13,69.31,63.87
2695,2011-06-10,70.41,65.18
2696,2011-06-09,70.55,65.24
2697,2011-06-08,70.93,65.60
2698,2011-06-07,69.98,64.68
2699,2011-06-03,69.02,64.02
2700,2011-06-02,68.12,62.93
2701,2011-06-01,68.12,63.19
2702,2011-05-31,67.92,63.08
2703,2011-05-30,68.14,63.26
2704,2011-05-27,67.19,62.65
2705,2011-05-26,67.25,62.70
2706,2011-05-25,68.13,62.95
2707,2011-05-24,67.60,62.48
2708,2011-05-23,68.67,62.59
2709,2011-05-20,68.65,63.73
2710,2011-05-19,68.34,63.26
2711,2011-05-18,68.62,63.62
2712,2011-05-17,68.16,63.38
2713,2011-05-16,68.14,62.89
2714,2011-05-13,68.73,63.45
2715,2011-05-12,69.21,62.96
2716,2011-05-11,69.04,64.22
2717,2011-05-09,69.46,64.53
2718,2011-05-06,70.35,64.60
2719,2011-05-04,71.21,65.67
2720,2011-05-03,71.10,65.56
2721,2011-05-02,70.52,65.83
2722,2011-04-29,71.05,66.05
2723,2011-04-28,71.02,66.30
2724,2011-04-27,71.03,66.10
2725,2011-04-26,70.88,65.48
2726,2011-04-25,70.56,65.39
2727,2011-04-22,70.49,65.22
2728,2011-04-21,69.96,65.03
2729,2011-04-20,69.34,65.03
2730,2011-04-19,69.39,64.25
2731,2011-04-18,70.07,64.78
2732,2011-04-15,70.54,65.25
2733,2011-04-14,69.64,64.82
2734,2011-04-13,69.73,64.82
2735,2011-04-12,69.68,64.16
2736,2011-04-11,69.51,64.30
2737,2011-04-08,68.54,63.74
2738,2011-04-07,69.16,63.80
2739,2011-04-06,68.55,63.73
2740,2011-04-05,68.50,63.25
2741,2011-04-04,68.50,63.75
2742,2011-04-01,67.99,63.56
2743,2011-03-31,68.20,63.83
2744,2011-03-30,68.31,64.06
2745,2011-03-29,68.90,64.01
2746,2011-03-28,69.10,64.02
2747,2011-03-25,69.51,64.88
2748,2011-03-24,69.90,64.95
2749,2011-03-23,70.64,65.33
2750,2011-03-22,70.47,65.60
2751,2011-03-21,70.72,65.71
2752,2011-03-18,70.04,65.41
2753,2011-03-17,69.56,64.42
2754,2011-03-16,70.22,65.00
2755,2011-03-15,70.58,65.02
2756,2011-03-14,70.04,64.71
2757,2011-03-11,68.83,63.43
2758,2011-03-10,69.46,63.91
2759,2011-03-09,69.14,64.10
2760,2011-03-08,69.77,64.58
2761,2011-03-07,69.87,64.62
2762,2011-03-04,69.41,64.62
2763,2011-03-03,69.16,64.47
2764,2011-03-02,68.87,63.83
2765,2011-02-28,68.46,63.50
2766,2011-02-25,68.62,63.49
2767,2011-02-24,68.61,63.11
2768,2011-02-23,67.57,62.73
2769,2011-02-22,68.27,62.50
2770,2011-02-21,67.77,62.45
2771,2011-02-18,67.32,62.52
2772,2011-02-17,67.33,62.51
2773,2011-02-16,66.83,62.16
2774,2011-02-15,67.16,62.36
2775,2011-02-14,67.83,62.62
2776,2011-02-11,68.36,62.49
2777,2011-02-10,68.69,62.71
2778,2011-02-09,68.04,62.72
2779,2011-02-08,67.14,62.43
2780,2011-02-07,67.51,63.24
2781,2011-02-01,68.27,63.58
2782,2011-01-31,67.99,62.63
2783,2011-01-28,68.39,63.34
2784,2011-01-27,68.38,63.47
2785,2011-01-26,68.37,63.35
2786,2011-01-25,68.09,63.18
2787,2011-01-24,68.10,63.05
2788,2011-01-21,67.32,62.16
2789,2011-01-20,67.28,61.81
2790,2011-01-19,66.18,61.54
2791,2011-01-18,65.92,61.10
2792,2011-01-17,66.27,61.23
2793,2011-01-14,66.02,60.98
2794,2011-01-13,64.97,60.54
2795,2011-01-12,64.14,59.82
2796,2011-01-11,63.96,59.03
2797,2011-01-10,63.77,58.87
2798,2011-01-07,64.21,59.36
2799,2011-01-06,64.05,59.67
2800,2011-01-05,65.04,60.06
2801,2011-01-04,64.69,60.23
2802,2011-01-03,65.07,60.95
2803,2010-12-31,64.10,60.28
2804,2010-12-30,64.00,59.97
2805,2010-12-29,64.07,59.48
2806,2010-12-28,64.46,59.76
2807,2010-12-27,64.28,59.59
2808,2010-12-24,64.53,59.78
2809,2010-12-23,64.55,59.95
2810,2010-12-22,64.50,59.87
2811,2010-12-21,64.86,60.57
2812,2010-12-20,65.50,60.35
2813,2010-12-17,65.76,60.90
2814,2010-12-16,65.41,60.56
2815,2010-12-15,66.63,60.86
2816,2010-12-14,65.64,60.91
2817,2010-12-13,65.08,60.05
2818,2010-12-10,65.28,60.23
2819,2010-12-09,65.37,60.54
2820,2010-12-08,65.62,60.12
2821,2010-12-07,65.24,60.50
2822,2010-12-06,65.81,61.38
2823,2010-12-03,65.31,61.02
2824,2010-12-02,65.40,60.69
2825,2010-12-01,64.63,60.17
2826,2010-11-30,66.16,61.09
2827,2010-11-29,67.17,61.98
2828,2010-11-26,67.52,61.83
2829,2010-11-25,66.46,61.96
2830,2010-11-24,67.30,61.44
2831,2010-11-23,68.97,62.08
2832,2010-11-22,67.68,62.96
2833,2010-11-19,67.78,63.12
2834,2010-11-18,67.12,62.55
2835,2010-11-17,67.94,61.90
2836,2010-11-16,67.29,62.43
2837,2010-11-15,68.46,62.43
2838,2010-11-12,67.71,61.52
2839,2010-11-11,66.99,62.36
2840,2010-11-10,67.20,62.53
2841,2010-11-09,68.21,63.19
2842,2010-11-08,68.88,63.32
2843,2010-11-05,69.49,64.28
2844,2010-11-04,68.89,64.22
2845,2010-11-03,68.78,64.09
2846,2010-11-02,68.24,63.51
2847,2010-11-01,68.65,63.98
2848,2010-10-29,68.86,63.84
2849,2010-10-28,67.84,62.85
2850,2010-10-27,68.76,62.85
2851,2010-10-26,68.93,63.70
2852,2010-10-25,68.89,64.55
2853,2010-10-22,69.07,63.67
2854,2010-10-21,69.46,64.50
2855,2010-10-20,68.29,62.96
2856,2010-10-19,69.43,63.72
2857,2010-10-18,69.12,63.69
2858,2010-10-15,69.24,64.15
2859,2010-10-14,68.41,63.87
2860,2010-10-13,69.08,64.32
2861,2010-10-12,69.37,63.20
2862,2010-10-11,69.21,64.12
2863,2010-10-08,68.86,63.46
2864,2010-10-07,68.74,63.83
2865,2010-10-06,68.55,64.17
2866,2010-10-05,68.00,62.78
2867,2010-10-04,68.69,64.08
2868,2010-10-01,67.48,63.37
2869,2010-09-30,67.88,63.28
2870,2010-09-29,68.13,63.52
2871,2010-09-28,67.89,62.85
2872,2010-09-27,67.89,63.35
2873,2010-09-24,67.88,63.26
2874,2010-09-20,66.35,61.54
2875,2010-09-17,66.35,61.70
2876,2010-09-16,66.50,61.46
2877,2010-09-15,66.54,61.55
2878,2010-09-14,65.62,60.74
2879,2010-09-13,64.53,60.11
2880,2010-09-10,64.69,60.11
2881,2010-09-09,64.86,60.75
2882,2010-09-08,64.89,60.31
2883,2010-09-07,66.32,60.99
2884,2010-09-06,66.05,61.54
2885,2010-09-03,66.10,61.37
2886,2010-09-02,66.08,61.74
2887,2010-09-01,65.58,61.36
2888,2010-08-31,66.12,60.74
2889,2010-08-30,66.60,61.84
2890,2010-08-27,66.20,61.22
2891,2010-08-26,65.52,60.88
2892,2010-08-25,65.44,60.48
2893,2010-08-24,65.83,60.34
2894,2010-08-23,65.43,60.50
2895,2010-08-20,66.26,60.77
2896,2010-08-19,65.85,61.03
2897,2010-08-18,65.90,61.35
2898,2010-08-17,65.62,61.65
2899,2010-08-16,66.10,61.07
2900,2010-08-13,66.48,61.87
2901,2010-08-12,66.60,61.02
2902,2010-08-11,68.28,62.39
2903,2010-08-10,67.61,62.06
2904,2010-08-09,67.28,62.57
2905,2010-08-06,66.97,62.37
2906,2010-08-05,67.28,62.49
2907,2010-08-04,67.47,62.46
2908,2010-08-03,67.53,62.78
2909,2010-08-02,66.92,62.57
2910,2010-07-30,67.68,62.76
2911,2010-07-29,67.33,62.48
2912,2010-07-28,66.56,61.50
2913,2010-07-27,65.91,61.77
2914,2010-07-26,65.64,61.24
2915,2010-07-23,66.15,61.84
2916,2010-07-22,65.55,60.79
2917,2010-07-21,66.24,61.67
2918,2010-07-20,66.78,62.24
2919,2010-07-19,66.66,60.97
2920,2010-07-16,66.06,61.30
2921,2010-07-15,64.58,59.95
2922,2010-07-14,64.88,60.34
2923,2010-07-13,65.12,59.83
2924,2010-07-12,64.91,59.90
2925,2010-07-09,64.82,60.58
2926,2010-07-08,64.75,60.62
2927,2010-07-07,65.48,60.99
2928,2010-07-06,64.74,60.16
2929,2010-07-05,64.68,59.69
2930,2010-07-02,64.63,59.94
2931,2010-07-01,63.06,58.67
2932,2010-06-30,62.11,57.33
2933,2010-06-29,62.73,57.28
2934,2010-06-28,62.58,57.99
2935,2010-06-25,62.76,56.64
2936,2010-06-24,62.17,57.03
2937,2010-06-23,60.93,56.30
2938,2010-06-22,61.19,56.33
2939,2010-06-21,61.46,58.37
2940,2010-06-18,62.28,58.59
2941,2010-06-17,62.83,58.15
2942,2010-06-16,62.96,58.86
2943,2010-06-15,63.41,58.54
2944,2010-06-14,61.98,58.43
2945,2010-06-11,63.57,59.43
2946,2010-06-10,62.17,57.47
2947,2010-06-09,62.40,56.89
2948,2010-06-08,61.11,56.49
2949,2010-06-07,61.56,55.48
2950,2010-06-04,61.19,56.88
2951,2010-06-03,61.70,57.56
2952,2010-06-01,64.24,58.06
2953,2010-05-31,62.20,57.42
2954,2010-05-28,62.24,59.73
2955,2010-05-27,62.67,59.61
2956,2010-05-26,64.75,60.64
2957,2010-05-25,66.64,58.76
2958,2010-05-24,64.46,57.73
2959,2010-05-20,63.54,56.81
2960,2010-05-19,60.41,55.07
2961,2010-05-18,59.97,55.89
2962,2010-05-17,60.44,54.95
2963,2010-05-14,60.65,55.85
2964,2010-05-13,61.02,56.79
2965,2010-05-12,60.89,56.12
2966,2010-05-11,61.63,56.85
2967,2010-05-10,61.37,58.57
2968,2010-05-07,60.09,54.89
2969,2010-05-06,60.99,55.16
2970,2010-05-04,62.37,57.66
2971,2010-05-03,62.99,57.82
2972,2010-04-30,62.40,58.22
2973,2010-04-29,62.25,57.94
2974,2010-04-28,62.31,56.92
2975,2010-04-27,63.29,58.18
2976,2010-04-26,62.69,58.39
2977,2010-04-23,62.82,58.18
2978,2010-04-22,63.43,58.87
2979,2010-04-21,63.66,59.36
2980,2010-04-20,64.49,59.75
2981,2010-04-19,64.91,59.75
2982,2010-04-16,64.68,59.91
2983,2010-04-15,65.28,60.83
2984,2010-04-14,69.93,65.18
2985,2010-04-13,65.48,60.12
2986,2010-04-12,65.12,60.52
2987,2010-04-09,63.80,59.59
2988,2010-04-08,64.21,59.50
2989,2010-04-07,64.40,59.72
2990,2010-04-06,64.56,59.89
2991,2010-04-05,64.43,59.75
2992,2010-04-02,65.53,60.78
2993,2010-04-01,64.56,60.14
2994,2010-03-31,64.18,59.66
2995,2010-03-30,64.96,60.53
2996,2010-03-29,64.95,60.62
2997,2010-03-26,64.34,59.70
2998,2010-03-25,64.72,59.66
2999,2010-03-24,65.08,60.21
3000,2010-03-23,65.56,60.66
3001,2010-03-22,65.63,60.56
3002,2010-03-19,65.59,60.64
3003,2010-03-18,66.37,61.14
3004,2010-03-17,66.05,61.37
3005,2010-03-16,65.76,60.87
3006,2010-03-15,66.13,61.16
3007,2010-03-12,65.41,60.83
3008,2010-03-11,65.45,60.59
3009,2010-03-10,65.02,60.38
3010,2010-03-09,65.24,60.34
3011,2010-03-08,65.32,61.01
3012,2010-03-05,64.99,60.32
3013,2010-03-04,65.93,61.06
3014,2010-03-03,65.37,60.98
3015,2010-03-02,65.54,60.92
3016,2010-02-26,65.35,60.52
3017,2010-02-25,66.10,60.74
3018,2010-02-24,65.51,60.31
3019,2010-02-23,65.51,60.72
3020,2010-02-22,65.44,61.11
3021,2010-02-19,65.88,60.44
3022,2010-02-18,65.53,60.24
3023,2010-02-17,65.44,61.12
3024,2010-02-16,64.77,60.25
3025,2010-02-12,65.85,61.17
3026,2010-02-11,65.80,60.93
3027,2010-02-10,66.26,61.75
3028,2010-02-09,65.55,61.41
3029,2010-02-08,66.24,61.44
3030,2010-02-05,66.25,60.27
3031,2010-02-04,66.53,61.48
3032,2010-02-03,66.67,62.40
3033,2010-02-02,67.37,62.80
3034,2010-02-01,66.96,61.40
3035,2010-01-29,66.78,61.85
3036,2010-01-28,66.59,62.19
3037,2010-01-27,67.99,62.24
3038,2010-01-26,68.27,62.56
3039,2010-01-25,67.52,62.62
3040,2010-01-22,66.84,61.41
3041,2010-01-21,66.84,61.43
3042,2010-01-20,68.12,62.32
3043,2010-01-19,67.69,62.65
3044,2010-01-18,67.16,62.07
3045,2010-01-15,67.85,62.66
3046,2010-01-14,67.29,62.59
3047,2010-01-13,67.24,62.37
3048,2010-01-12,67.40,62.12
3049,2010-01-11,66.73,62.54
3050,2010-01-08,66.49,61.74
3051,2010-01-07,67.21,62.55
3052,2010-01-06,67.14,62.66
3053,2010-01-05,67.92,63.71
3054,2010-01-04,67.71,63.53
3055,2009-12-31,67.58,63.42
3056,2009-12-30,68.40,63.74
3057,2009-12-29,68.77,63.69
3058,2009-12-28,68.68,63.96
3059,2009-12-24,69.30,64.60
3060,2009-12-23,69.29,64.10
3061,2009-12-22,69.63,64.46
3062,2009-12-21,69.59,64.11
3063,2009-12-18,69.78,64.53
3064,2009-12-17,70.52,64.61
3065,2009-12-16,69.68,64.36
3066,2009-12-15,71.28,65.96
3067,2009-12-14,71.32,66.21
3068,2009-12-11,71.84,66.59
3069,2009-12-10,72.01,66.53
3070,2009-12-09,71.77,66.06
3071,2009-12-08,72.40,66.91
3072,2009-12-07,72.53,66.88
3073,2009-12-04,72.53,67.38
3074,2009-12-03,72.15,67.14
3075,2009-12-02,72.65,67.72
3076,2009-12-01,71.93,66.71
3077,2009-11-30,72.05,67.00
3078,2009-11-27,72.44,65.78
3079,2009-11-26,73.05,67.40
3080,2009-11-25,71.50,66.45
3081,2009-11-24,72.40,66.98
3082,2009-11-23,71.49,66.74
3083,2009-11-20,72.94,67.32
3084,2009-11-19,73.73,67.87
3085,2009-11-18,72.71,67.26
3086,2009-11-17,73.42,67.99
3087,2009-11-16,73.09,68.04
3088,2009-11-13,72.63,67.36
3089,2009-11-12,73.61,68.19
3090,2009-11-11,73.36,68.15
3091,2009-11-10,73.63,68.22
3092,2009-11-09,72.17,67.61
3093,2009-11-06,72.42,67.87
3094,2009-11-05,72.83,67.49
3095,2009-11-04,71.39,66.23
3096,2009-11-03,71.79,66.55
3097,2009-11-02,71.12,65.87
3098,2009-10-30,72.03,67.83
3099,2009-10-29,71.26,66.08
3100,2009-10-28,73.41,67.25
3101,2009-10-27,73.22,67.42
3102,2009-10-26,73.54,68.61
3103,2009-10-23,73.86,68.48
3104,2009-10-22,75.14,68.38
3105,2009-10-21,73.81,67.58
3106,2009-10-20,73.52,68.44
3107,2009-10-19,72.81,66.84
3108,2009-10-16,73.10,67.23
3109,2009-10-15,72.14,67.42
3110,2009-10-14,71.97,66.88
3111,2009-10-13,72.32,67.02
3112,2009-10-12,71.86,66.34
3113,2009-10-09,72.17,67.03
3114,2009-10-08,72.04,66.97
3115,2009-10-07,72.57,67.21
3116,2009-10-06,72.65,67.45
3117,2009-10-05,72.50,67.44
3118,2009-10-01,73.73,68.55
3119,2009-09-30,73.68,68.93
3120,2009-09-29,74.62,69.26
3121,2009-09-28,75.35,69.56
3122,2009-09-25,74.59,69.64
3123,2009-09-24,75.29,69.98
3124,2009-09-23,75.87,70.85
3125,2009-09-22,75.72,70.47
3126,2009-09-21,76.38,70.74
3127,2009-09-18,76.48,70.59
3128,2009-09-17,76.11,70.81
3129,2009-09-16,75.17,70.46
3130,2009-09-15,75.28,70.35
3131,2009-09-14,75.96,70.18
3132,2009-09-11,75.49,70.14
3133,2009-09-10,75.72,70.17
3134,2009-09-09,75.85,70.49
3135,2009-09-08,74.81,69.67
3136,2009-09-07,74.88,69.89
3137,2009-09-04,74.84,69.64
3138,2009-09-03,74.61,69.33
3139,2009-09-02,74.66,68.97
3140,2009-09-01,75.61,70.18
3141,2009-08-31,76.11,70.29
3142,2009-08-28,75.64,70.44
3143,2009-08-27,75.57,69.91
3144,2009-08-26,75.99,70.44
3145,2009-08-25,75.90,69.97
3146,2009-08-24,75.75,70.42
3147,2009-08-21,75.51,69.80
3148,2009-08-20,74.63,69.40
3149,2009-08-19,75.00,69.40
3150,2009-08-18,73.83,68.44
3151,2009-08-17,75.36,68.29
3152,2009-08-14,74.17,68.59
3153,2009-08-13,73.39,68.68
3154,2009-08-12,74.07,67.93
3155,2009-08-11,73.64,67.43
3156,2009-08-10,72.79,67.38
3157,2009-08-07,73.62,67.79
3158,2009-08-06,73.58,67.91
3159,2009-08-05,73.81,68.00
3160,2009-08-04,74.29,68.79
3161,2009-08-03,73.37,68.81
3162,2009-07-31,73.18,68.32
3163,2009-07-30,73.46,68.12
3164,2009-07-29,74.59,69.03
3165,2009-07-28,74.58,69.71
3166,2009-07-27,75.34,69.92
3167,2009-07-24,74.50,69.21
3168,2009-07-23,74.39,69.00
3169,2009-07-22,74.45,68.87
3170,2009-07-21,74.49,69.19
3171,2009-07-20,73.48,68.79
3172,2009-07-17,74.39,69.27
3173,2009-07-16,74.69,69.89
3174,2009-07-15,74.28,69.83
3175,2009-07-14,75.23,69.47
3176,2009-07-13,75.94,68.61
3177,2009-07-10,75.07,69.08
3178,2009-07-09,73.48,68.22
3179,2009-07-08,74.12,68.19
3180,2009-07-07,74.25,68.34
3181,2009-07-06,74.19,68.56
3182,2009-07-03,73.88,68.00
3183,2009-07-02,75.58,69.99
3184,2009-07-01,73.81,69.10
